step,episode,return,score,won,length,epsilon,loss
11,1,-491.0,-480,0,11,1.000,nan
23,2,-502.0,-490,0,12,0.999,nan
35,3,-502.0,-490,0,12,0.999,nan
48,4,-463.0,-450,0,13,0.998,nan
65,5,-477.0,-460,0,17,0.998,nan
83,6,-508.0,-490,0,18,0.997,nan
101,7,-458.0,-440,0,18,0.997,nan
113,8,-502.0,-490,0,12,0.996,nan
123,9,-490.0,-480,0,10,0.996,nan
134,10,-501.0,-490,0,11,0.996,nan
145,11,-491.0,-480,0,11,0.995,nan
155,12,-480.0,-470,0,10,0.995,nan
191,13,-526.0,-490,0,36,0.994,nan
209,14,-508.0,-490,0,18,0.993,nan
257,15,-378.0,-330,0,48,0.992,nan
266,16,-479.0,-470,0,9,0.992,nan
278,17,-512.0,-500,0,12,0.991,nan
290,18,-502.0,-490,0,12,0.991,nan
301,19,-501.0,-490,0,11,0.990,nan
312,20,-481.0,-470,0,11,0.990,nan
323,21,-481.0,-470,0,11,0.990,nan
349,22,-506.0,-480,0,26,0.989,nan
360,23,-501.0,-490,0,11,0.989,nan
377,24,-497.0,-480,0,17,0.988,nan
394,25,-467.0,-450,0,17,0.988,nan
405,26,-501.0,-490,0,11,0.987,nan
415,27,-480.0,-470,0,10,0.987,nan
425,28,-480.0,-470,0,10,0.987,nan
437,29,-462.0,-450,0,12,0.986,nan
448,30,-501.0,-490,0,11,0.986,nan
459,31,-481.0,-470,0,11,0.985,nan
469,32,-490.0,-480,0,10,0.985,nan
481,33,-502.0,-490,0,12,0.985,nan
493,34,-502.0,-490,0,12,0.984,nan
505,35,-502.0,-490,0,12,0.984,nan
517,36,-502.0,-490,0,12,0.984,nan
543,37,-506.0,-480,0,26,0.983,nan
554,38,-491.0,-480,0,11,0.982,nan
564,39,-480.0,-470,0,10,0.982,nan
596,40,-502.0,-470,0,32,0.981,nan
605,41,-479.0,-470,0,9,0.981,nan
616,42,-501.0,-490,0,11,0.980,nan
640,43,-494.0,-470,0,24,0.980,nan
650,44,-470.0,-460,0,10,0.979,nan
661,45,-491.0,-480,0,11,0.979,nan
673,46,-492.0,-480,0,12,0.979,nan
682,47,-469.0,-460,0,9,0.978,nan
691,48,-469.0,-460,0,9,0.978,nan
702,49,-491.0,-480,0,11,0.978,nan
720,50,-508.0,-490,0,18,0.977,nan
743,51,-453.0,-430,0,23,0.976,nan
754,52,-501.0,-490,0,11,0.976,nan
772,53,-498.0,-480,0,18,0.976,nan
783,54,-501.0,-490,0,11,0.975,nan
795,55,-502.0,-490,0,12,0.975,nan
807,56,-502.0,-490,0,12,0.974,nan
819,57,-502.0,-490,0,12,0.974,nan
834,58,-475.0,-460,0,15,0.974,nan
843,59,-469.0,-460,0,9,0.973,nan
855,60,-502.0,-490,0,12,0.973,nan
870,61,-485.0,-470,0,15,0.972,nan
893,62,-473.0,-450,0,23,0.972,nan
903,63,-490.0,-480,0,10,0.971,nan
921,64,-508.0,-490,0,18,0.971,nan
942,65,-511.0,-490,0,21,0.970,nan
963,66,-491.0,-470,0,21,0.970,nan
975,67,-502.0,-490,0,12,0.969,nan
1023,68,-468.0,-420,0,48,0.968,nan
1046,69,-473.0,-450,0,23,0.967,nan
1055,70,-459.0,-450,0,9,0.967,nan
1066,71,-501.0,-490,0,11,0.966,nan
1078,72,-502.0,-490,0,12,0.966,nan
1093,73,-475.0,-460,0,15,0.965,nan
1102,74,-479.0,-470,0,9,0.965,nan
1112,75,-480.0,-470,0,10,0.965,nan
1123,76,-501.0,-490,0,11,0.964,nan
1133,77,-490.0,-480,0,10,0.964,nan
1144,78,-481.0,-470,0,11,0.964,nan
1156,79,-502.0,-490,0,12,0.963,nan
1164,80,-468.0,-460,0,8,0.963,nan
1176,81,-502.0,-490,0,12,0.963,nan
1222,82,-436.0,-390,0,46,0.961,nan
1232,83,-490.0,-480,0,10,0.961,nan
1245,84,-463.0,-450,0,13,0.961,nan
1255,85,-490.0,-480,0,10,0.960,nan
1267,86,-462.0,-450,0,12,0.960,nan
1279,87,-502.0,-490,0,12,0.959,nan
1296,88,-497.0,-480,0,17,0.959,nan
1316,89,-500.0,-480,0,20,0.958,nan
1328,90,-502.0,-490,0,12,0.958,nan
1340,91,-492.0,-480,0,12,0.958,nan
1351,92,-501.0,-490,0,11,0.957,nan
1363,93,-502.0,-490,0,12,0.957,nan
1374,94,-501.0,-490,0,11,0.956,nan
1385,95,-501.0,-490,0,11,0.956,nan
1409,96,-494.0,-470,0,24,0.955,nan
1435,97,-516.0,-490,0,26,0.955,nan
1446,98,-501.0,-490,0,11,0.954,nan
1462,99,-436.0,-420,0,16,0.954,nan
1476,100,-444.0,-430,0,14,0.953,nan
1485,101,-479.0,-470,0,9,0.953,nan
1496,102,-491.0,-480,0,11,0.953,nan
1507,103,-491.0,-480,0,11,0.952,nan
1518,104,-481.0,-470,0,11,0.952,nan
1528,105,-490.0,-480,0,10,0.952,nan
1540,106,-502.0,-490,0,12,0.951,nan
1552,107,-502.0,-490,0,12,0.951,nan
1562,108,-490.0,-480,0,10,0.951,nan
1573,109,-491.0,-480,0,11,0.950,nan
1595,110,-502.0,-480,0,22,0.949,nan
1612,111,-497.0,-480,0,17,0.949,nan
1623,112,-481.0,-470,0,11,0.949,nan
1645,113,-512.0,-490,0,22,0.948,nan
1662,114,-457.0,-440,0,17,0.947,nan
1681,115,-469.0,-450,0,19,0.947,nan
1699,116,-478.0,-460,0,18,0.946,nan
1710,117,-491.0,-480,0,11,0.946,nan
1722,118,-502.0,-490,0,12,0.945,nan
1740,119,-468.0,-450,0,18,0.945,nan
1752,120,-502.0,-490,0,12,0.945,nan
1763,121,-481.0,-470,0,11,0.944,nan
1775,122,-502.0,-490,0,12,0.944,nan
1786,123,-481.0,-470,0,11,0.943,nan
1798,124,-502.0,-490,0,12,0.943,nan
1810,125,-502.0,-490,0,12,0.943,nan
1819,126,-479.0,-470,0,9,0.942,nan
1832,127,-453.0,-440,0,13,0.942,nan
1843,128,-491.0,-480,0,11,0.942,nan
1855,129,-502.0,-490,0,12,0.941,nan
1864,130,-479.0,-470,0,9,0.941,nan
1876,131,-492.0,-480,0,12,0.941,nan
1887,132,-501.0,-490,0,11,0.940,nan
1897,133,-480.0,-470,0,10,0.940,nan
1906,134,-459.0,-450,0,9,0.940,nan
1917,135,-501.0,-490,0,11,0.939,nan
1928,136,-501.0,-490,0,11,0.939,nan
1939,137,-501.0,-490,0,11,0.939,nan
1948,138,-479.0,-470,0,9,0.938,nan
1960,139,-502.0,-490,0,12,0.938,nan
1972,140,-502.0,-490,0,12,0.938,nan
1981,141,-479.0,-470,0,9,0.937,nan
2007,142,-496.0,-470,0,26,0.936,0.28220
2018,143,-491.0,-480,0,11,0.936,0.56090
2031,144,-453.0,-440,0,13,0.936,0.19770
2043,145,-502.0,-490,0,12,0.935,0.18717
2054,146,-491.0,-480,0,11,0.935,0.23272
2073,147,-489.0,-470,0,19,0.934,0.33414
2085,148,-502.0,-490,0,12,0.934,0.32182
2095,149,-490.0,-480,0,10,0.934,0.41641
2106,150,-501.0,-490,0,11,0.933,0.32233
2129,151,-493.0,-470,0,23,0.933,0.32712
2147,152,-518.0,-500,0,18,0.932,0.17525
2159,153,-502.0,-490,0,12,0.932,0.32732
2171,154,-462.0,-450,0,12,0.931,0.46485
2193,155,-502.0,-480,0,22,0.931,0.32718
2204,156,-481.0,-470,0,11,0.930,0.28108
2216,157,-512.0,-500,0,12,0.930,0.41694
2227,158,-491.0,-480,0,11,0.929,0.28226
2243,159,-496.0,-480,0,16,0.929,0.21268
2260,160,-507.0,-490,0,17,0.928,0.33639
2268,161,-468.0,-460,0,8,0.928,0.07290
2279,162,-491.0,-480,0,11,0.928,0.34758
2300,163,-491.0,-470,0,21,0.927,0.21133
2312,164,-502.0,-490,0,12,0.927,0.37529
2322,165,-490.0,-480,0,10,0.926,0.35082
2335,166,-463.0,-450,0,13,0.926,0.41617
2347,167,-502.0,-490,0,12,0.926,0.41808
2368,168,-511.0,-490,0,21,0.925,0.25738
2380,169,-502.0,-490,0,12,0.925,0.00454
2392,170,-492.0,-480,0,12,0.924,0.14269
2401,171,-479.0,-470,0,9,0.924,0.28148
2413,172,-502.0,-490,0,12,0.924,0.09386
2425,173,-502.0,-490,0,12,0.923,0.60489
2436,174,-481.0,-470,0,11,0.923,0.37672
2447,175,-501.0,-490,0,11,0.923,0.21066
2471,176,-474.0,-450,0,24,0.922,0.14176
2480,177,-479.0,-470,0,9,0.921,0.51028
2503,178,-453.0,-430,0,23,0.921,0.33550
2514,179,-491.0,-480,0,11,0.920,0.18696
2525,180,-491.0,-480,0,11,0.920,0.37202
2544,181,-409.0,-390,0,19,0.919,0.19799
2555,182,-501.0,-490,0,11,0.919,0.21248
2568,183,-453.0,-440,0,13,0.919,0.28301
2586,184,-488.0,-470,0,18,0.918,0.24488
2595,185,-469.0,-460,0,9,0.918,0.20812
2607,186,-472.0,-460,0,12,0.917,0.18555
2618,187,-481.0,-470,0,11,0.917,0.04795
2629,188,-501.0,-490,0,11,0.917,0.64808
2638,189,-469.0,-460,0,9,0.916,0.34928
2648,190,-480.0,-470,0,10,0.916,0.31976
2657,191,-469.0,-460,0,9,0.916,0.00358
2669,192,-502.0,-490,0,12,0.915,0.27523
2681,193,-512.0,-500,0,12,0.915,0.41306
2692,194,-501.0,-490,0,11,0.915,0.27521
2704,195,-472.0,-460,0,12,0.914,0.28222
2718,196,-454.0,-440,0,14,0.914,0.23444
2727,197,-479.0,-470,0,9,0.914,0.27921
2737,198,-480.0,-470,0,10,0.913,0.46402
2748,199,-501.0,-490,0,11,0.913,0.32879
2760,200,-502.0,-490,0,12,0.913,0.37218
2779,201,-489.0,-470,0,19,0.912,0.34936
2786,202,-457.0,-450,0,7,0.912,0.07430
2796,203,-490.0,-480,0,10,0.911,0.23343
2808,204,-502.0,-490,0,12,0.911,0.32715
2818,205,-490.0,-480,0,10,0.911,0.28267
2841,206,-483.0,-460,0,23,0.910,0.34959
2852,207,-501.0,-490,0,11,0.910,0.32687
2863,208,-501.0,-490,0,11,0.909,0.14384
2873,209,-490.0,-480,0,10,0.909,0.28025
2883,210,-480.0,-470,0,10,0.909,0.48832
2895,211,-492.0,-480,0,12,0.908,0.32519
2906,212,-491.0,-480,0,11,0.908,0.23405
2915,213,-469.0,-460,0,9,0.908,0.28030
2930,214,-435.0,-420,0,15,0.907,0.17480
2942,215,-502.0,-490,0,12,0.907,0.46390
2954,216,-502.0,-490,0,12,0.906,0.37326
2965,217,-491.0,-480,0,11,0.906,0.37296
2986,218,-441.0,-420,0,21,0.905,0.39140
2996,219,-490.0,-480,0,10,0.905,0.32542
3005,220,-469.0,-460,0,9,0.905,0.00314
3017,221,-512.0,-500,0,12,0.904,0.14075
3029,222,-502.0,-490,0,12,0.904,0.27657
3041,223,-502.0,-490,0,12,0.904,0.41556
3053,224,-502.0,-490,0,12,0.903,0.32200
3065,225,-502.0,-490,0,12,0.903,0.27718
3077,226,-502.0,-490,0,12,0.903,0.50800
3089,227,-482.0,-470,0,12,0.902,0.18735
3099,228,-490.0,-480,0,10,0.902,0.41364
3111,229,-502.0,-490,0,12,0.901,0.32417
3123,230,-502.0,-490,0,12,0.901,0.23156
3135,231,-502.0,-490,0,12,0.901,0.55107
3147,232,-502.0,-490,0,12,0.900,0.23333
3155,233,-458.0,-450,0,8,0.900,0.27718
3173,234,-508.0,-490,0,18,0.900,0.30386
3198,235,-495.0,-470,0,25,0.899,0.32422
3210,236,-502.0,-490,0,12,0.898,0.36962
3223,237,-453.0,-440,0,13,0.898,0.23133
3246,238,-473.0,-450,0,23,0.897,0.30059
3258,239,-502.0,-490,0,12,0.897,0.23288
3283,240,-485.0,-460,0,25,0.896,0.41489
3292,241,-479.0,-470,0,9,0.896,0.18752
3310,242,-498.0,-480,0,18,0.895,0.34607
3323,243,-463.0,-450,0,13,0.895,0.18631
3335,244,-502.0,-490,0,12,0.894,0.32443
3345,245,-490.0,-480,0,10,0.894,0.41431
3356,246,-491.0,-480,0,11,0.894,0.32288
3384,247,-508.0,-480,0,28,0.893,0.27658
3395,248,-441.0,-430,0,11,0.892,0.20828
3406,249,-501.0,-490,0,11,0.892,0.09355
3415,250,-469.0,-460,0,9,0.892,0.20823
3427,251,-502.0,-490,0,12,0.891,0.36658
3438,252,-501.0,-490,0,11,0.891,0.32201
3450,253,-492.0,-480,0,12,0.891,0.23338
3462,254,-502.0,-490,0,12,0.890,0.14074
3474,255,-502.0,-490,0,12,0.890,0.41364
3484,256,-480.0,-470,0,10,0.890,0.50701
3495,257,-501.0,-490,0,11,0.889,0.07212
3504,258,-479.0,-470,0,9,0.889,0.55101
3516,259,-502.0,-490,0,12,0.889,0.36774
3527,260,-481.0,-470,0,11,0.888,0.34401
3563,261,-496.0,-460,0,36,0.887,0.21797
3574,262,-501.0,-490,0,11,0.887,0.18712
3585,263,-481.0,-470,0,11,0.886,0.23193
3596,264,-501.0,-490,0,11,0.886,0.27731
3607,265,-481.0,-470,0,11,0.886,0.69422
3623,266,-496.0,-480,0,16,0.885,0.27879
3635,267,-502.0,-490,0,12,0.885,0.27479
3653,268,-408.0,-390,0,18,0.884,0.38772
3663,269,-490.0,-480,0,10,0.884,0.20849
3688,270,-485.0,-460,0,25,0.883,0.31682
3697,271,-469.0,-460,0,9,0.883,0.14179
3707,272,-490.0,-480,0,10,0.883,0.61754
3715,273,-458.0,-450,0,8,0.882,0.34617
3733,274,-498.0,-480,0,18,0.882,0.24941
3744,275,-491.0,-480,0,11,0.881,0.41305
3752,276,-458.0,-450,0,8,0.881,0.47858
3763,277,-501.0,-490,0,11,0.881,0.27545
3778,278,-475.0,-460,0,15,0.880,0.41115
3787,279,-479.0,-470,0,9,0.880,0.27481
3804,280,-477.0,-460,0,17,0.880,0.46707
3815,281,-491.0,-480,0,11,0.879,0.34524
3827,282,-502.0,-490,0,12,0.879,0.27901
3838,283,-501.0,-490,0,11,0.878,0.23171
3871,284,-513.0,-480,0,33,0.877,0.31164
3886,285,-485.0,-470,0,15,0.877,0.44840
3898,286,-502.0,-490,0,12,0.877,0.41189
3910,287,-502.0,-490,0,12,0.876,0.37034
3921,288,-481.0,-470,0,11,0.876,0.45823
3933,289,-502.0,-490,0,12,0.875,0.41242
3945,290,-502.0,-490,0,12,0.875,0.14173
3958,291,-453.0,-440,0,13,0.875,0.18664
3967,292,-469.0,-460,0,9,0.874,0.54802
3978,293,-501.0,-490,0,11,0.874,0.45675
3990,294,-512.0,-500,0,12,0.874,0.13874
4002,295,-502.0,-490,0,12,0.873,0.41032
4017,296,-435.0,-420,0,15,0.873,0.50785
4027,297,-480.0,-470,0,10,0.872,0.33727
4039,298,-492.0,-480,0,12,0.872,0.05273
4051,299,-502.0,-490,0,12,0.872,0.53696
4073,300,-502.0,-480,0,22,0.871,0.27149
4085,301,-502.0,-490,0,12,0.871,0.26841
4097,302,-502.0,-490,0,12,0.870,0.31492
4109,303,-502.0,-490,0,12,0.870,0.13393
4125,304,-496.0,-480,0,16,0.869,0.36702
4147,305,-492.0,-470,0,22,0.869,0.29194
4159,306,-502.0,-490,0,12,0.868,0.31332
4169,307,-490.0,-480,0,10,0.868,0.13496
4194,308,-495.0,-470,0,25,0.867,0.33026
4206,309,-502.0,-490,0,12,0.867,0.39085
4230,310,-464.0,-440,0,24,0.866,0.38823
4242,311,-502.0,-490,0,12,0.866,0.30443
4252,312,-490.0,-480,0,10,0.865,0.22612
4274,313,-512.0,-490,0,22,0.865,0.34335
4287,314,-463.0,-450,0,13,0.864,0.26847
4297,315,-490.0,-480,0,10,0.864,0.22043
4307,316,-480.0,-470,0,10,0.864,0.32418
4319,317,-492.0,-480,0,12,0.863,0.42919
4334,318,-475.0,-460,0,15,0.863,0.22642
4346,319,-502.0,-490,0,12,0.862,0.22177
4355,320,-469.0,-460,0,9,0.862,0.25641
4389,321,-454.0,-420,0,34,0.861,0.23263
4397,322,-468.0,-460,0,8,0.861,0.19079
4409,323,-492.0,-480,0,12,0.860,0.28853
4420,324,-501.0,-490,0,11,0.860,0.29442
4440,325,-490.0,-470,0,20,0.859,0.38677
4452,326,-482.0,-470,0,12,0.859,0.30700
4463,327,-491.0,-480,0,11,0.859,0.15092
4491,328,-508.0,-480,0,28,0.858,0.30535
4502,329,-501.0,-490,0,11,0.857,0.22205
4512,330,-490.0,-480,0,10,0.857,0.45433
4523,331,-501.0,-490,0,11,0.857,0.35878
4535,332,-512.0,-500,0,12,0.856,0.41036
4553,333,-508.0,-490,0,18,0.856,0.40428
4565,334,-502.0,-490,0,12,0.855,0.36732
4577,335,-502.0,-490,0,12,0.855,0.36673
4589,336,-502.0,-490,0,12,0.855,0.21973
4602,337,-473.0,-460,0,13,0.854,0.48160
4611,338,-469.0,-460,0,9,0.854,0.11674
4622,339,-481.0,-470,0,11,0.854,0.26462
4631,340,-469.0,-460,0,9,0.853,0.38575
4640,341,-479.0,-470,0,9,0.853,0.28845
4650,342,-470.0,-460,0,10,0.853,0.22929
4663,343,-463.0,-450,0,13,0.852,0.12301
4676,344,-463.0,-450,0,13,0.852,0.36621
4689,345,-463.0,-450,0,13,0.852,0.16649
4707,346,-508.0,-490,0,18,0.851,0.20378
4716,347,-479.0,-470,0,9,0.851,0.22031
4728,348,-502.0,-490,0,12,0.850,0.32993
4751,349,-413.0,-390,0,23,0.850,0.31758
4762,350,-491.0,-480,0,11,0.849,0.18115
4774,351,-502.0,-490,0,12,0.849,0.32122
4785,352,-491.0,-480,0,11,0.848,0.17147
4795,353,-490.0,-480,0,10,0.848,0.24999
4807,354,-472.0,-460,0,12,0.848,0.25106
4819,355,-502.0,-490,0,12,0.847,0.36249
4831,356,-512.0,-500,0,12,0.847,0.26960
4842,357,-501.0,-490,0,11,0.847,0.21447
4860,358,-438.0,-420,0,18,0.846,0.17950
4869,359,-479.0,-470,0,9,0.846,0.26132
4884,360,-445.0,-430,0,15,0.845,0.32123
4905,361,-461.0,-440,0,21,0.845,0.18989
4935,362,-410.0,-380,0,30,0.844,0.21440
4944,363,-479.0,-470,0,9,0.843,0.13128
4961,364,-497.0,-480,0,17,0.843,0.29618
4973,365,-502.0,-490,0,12,0.843,0.28757
4996,366,-453.0,-430,0,23,0.842,0.27618
5007,367,-501.0,-490,0,11,0.841,0.54917
5028,368,-411.0,-390,0,21,0.841,0.17946
5039,369,-501.0,-490,0,11,0.840,0.26994
5048,370,-479.0,-470,0,9,0.840,0.20310
5056,371,-468.0,-460,0,8,0.840,0.21088
5069,372,-463.0,-450,0,13,0.839,0.21715
5081,373,-502.0,-490,0,12,0.839,0.28078
5100,374,-479.0,-460,0,19,0.839,0.09891
5112,375,-502.0,-490,0,12,0.838,0.22643
5124,376,-502.0,-490,0,12,0.838,0.19246
5141,377,-507.0,-490,0,17,0.837,0.11002
5163,378,-512.0,-490,0,22,0.837,0.11070
5175,379,-502.0,-490,0,12,0.836,0.18492
5189,380,-444.0,-430,0,14,0.836,0.11359
5198,381,-479.0,-470,0,9,0.835,0.08870
5210,382,-502.0,-490,0,12,0.835,0.23655
5219,383,-479.0,-470,0,9,0.835,0.15536
5229,384,-490.0,-480,0,10,0.834,0.11639
5240,385,-471.0,-460,0,11,0.834,0.11372
5251,386,-491.0,-480,0,11,0.834,0.04488
5258,387,-457.0,-450,0,7,0.833,0.26955
5270,388,-502.0,-490,0,12,0.833,0.13382
5287,389,-467.0,-450,0,17,0.833,0.21607
5296,390,-479.0,-470,0,9,0.832,0.09646
5307,391,-481.0,-470,0,11,0.832,0.15447
5329,392,-492.0,-470,0,22,0.831,0.24663
5354,393,-485.0,-460,0,25,0.830,0.10710
5364,394,-490.0,-480,0,10,0.830,0.09801
5376,395,-472.0,-460,0,12,0.830,0.18501
5388,396,-502.0,-490,0,12,0.829,0.09055
5396,397,-468.0,-460,0,8,0.829,0.10834
5408,398,-502.0,-490,0,12,0.829,0.17774
5420,399,-502.0,-490,0,12,0.828,0.19678
5430,400,-490.0,-480,0,10,0.828,0.10198
5442,401,-502.0,-490,0,12,0.828,0.17730
5453,402,-501.0,-490,0,11,0.827,0.13374
5467,403,-454.0,-440,0,14,0.827,0.17968
5476,404,-479.0,-470,0,9,0.827,0.26299
5488,405,-502.0,-490,0,12,0.826,0.24159
5505,406,-487.0,-470,0,17,0.826,0.18171
5532,407,-487.0,-460,0,27,0.825,0.20376
5544,408,-462.0,-450,0,12,0.824,0.19350
5556,409,-502.0,-490,0,12,0.824,0.17470
5568,410,-502.0,-490,0,12,0.824,0.31826
5580,411,-502.0,-490,0,12,0.823,0.22922
5590,412,-480.0,-470,0,10,0.823,0.16760
5602,413,-492.0,-480,0,12,0.823,0.15106
5614,414,-502.0,-490,0,12,0.822,0.25385
5644,415,-470.0,-440,0,30,0.821,0.15992
5655,416,-501.0,-490,0,11,0.821,0.15570
5673,417,-508.0,-490,0,18,0.820,0.19338
5684,418,-501.0,-490,0,11,0.820,0.13187
5694,419,-490.0,-480,0,10,0.820,0.16685
5712,420,-498.0,-480,0,18,0.819,0.09147
5761,421,-359.0,-310,0,49,0.818,0.15480
5772,422,-491.0,-480,0,11,0.817,0.06114
5784,423,-502.0,-490,0,12,0.817,0.20118
5796,424,-502.0,-490,0,12,0.816,0.12677
5808,425,-502.0,-490,0,12,0.816,0.14010
5823,426,-435.0,-420,0,15,0.816,0.16931
5834,427,-491.0,-480,0,11,0.815,0.07813
5886,428,-172.0,-120,0,52,0.814,0.11249
5896,429,-480.0,-470,0,10,0.813,0.10081
5912,430,-496.0,-480,0,16,0.813,0.20194
5924,431,-502.0,-490,0,12,0.812,0.26562
5936,432,-502.0,-490,0,12,0.812,0.33496
5947,433,-481.0,-470,0,11,0.812,0.18844
5959,434,-502.0,-490,0,12,0.811,0.06495
5970,435,-481.0,-470,0,11,0.811,0.10693
5979,436,-479.0,-470,0,9,0.811,0.17222
5989,437,-490.0,-480,0,10,0.810,0.14221
6001,438,-502.0,-490,0,12,0.810,0.04888
6023,439,-442.0,-420,0,22,0.809,0.18110
6063,440,-520.0,-480,0,40,0.808,0.19875
6074,441,-501.0,-490,0,11,0.808,0.14467
6085,442,-501.0,-490,0,11,0.807,0.16946
6094,443,-459.0,-450,0,9,0.807,0.06126
6106,444,-502.0,-490,0,12,0.807,0.04422
6120,445,-444.0,-430,0,14,0.806,0.17422
6127,446,-457.0,-450,0,7,0.806,0.06984
6145,447,-448.0,-430,0,18,0.805,0.20256
6157,448,-502.0,-490,0,12,0.805,0.14225
6167,449,-480.0,-470,0,10,0.805,0.25075
6176,450,-469.0,-460,0,9,0.804,0.10350
6188,451,-502.0,-490,0,12,0.804,0.15032
6199,452,-501.0,-490,0,11,0.804,0.17467
6212,453,-453.0,-440,0,13,0.803,0.22892
6224,454,-502.0,-490,0,12,0.803,0.11511
6236,455,-462.0,-450,0,12,0.803,0.11101
6245,456,-479.0,-470,0,9,0.802,0.10375
6259,457,-444.0,-430,0,14,0.802,0.21271
6270,458,-491.0,-480,0,11,0.801,0.20616
6279,459,-479.0,-470,0,9,0.801,0.19771
6291,460,-502.0,-490,0,12,0.801,0.18286
6303,461,-512.0,-500,0,12,0.800,0.19596
6315,462,-502.0,-490,0,12,0.800,0.22732
6327,463,-502.0,-490,0,12,0.800,0.19930
6338,464,-491.0,-480,0,11,0.799,0.15335
6349,465,-501.0,-490,0,11,0.799,0.30149
6359,466,-490.0,-480,0,10,0.799,0.16115
6371,467,-502.0,-490,0,12,0.798,0.16245
6390,468,-459.0,-440,0,19,0.798,0.11200
6400,469,-480.0,-470,0,10,0.797,0.10341
6418,470,-468.0,-450,0,18,0.797,0.03367
6430,471,-492.0,-480,0,12,0.796,0.04294
6439,472,-479.0,-470,0,9,0.796,0.14301
6447,473,-468.0,-460,0,8,0.796,0.08357
6458,474,-501.0,-490,0,11,0.795,0.08470
6482,475,-504.0,-480,0,24,0.795,0.12311
6494,476,-502.0,-490,0,12,0.794,0.03956
6506,477,-472.0,-460,0,12,0.794,0.19148
6518,478,-502.0,-490,0,12,0.794,0.22443
6528,479,-490.0,-480,0,10,0.793,0.13867
6557,480,-479.0,-450,0,29,0.792,0.08918
6568,481,-461.0,-450,0,11,0.792,0.07700
6586,482,-498.0,-480,0,18,0.791,0.18075
6598,483,-502.0,-490,0,12,0.791,0.22338
6610,484,-502.0,-490,0,12,0.791,0.05661
6621,485,-501.0,-490,0,11,0.790,0.22861
6636,486,-445.0,-430,0,15,0.790,0.24100
6648,487,-502.0,-490,0,12,0.789,0.07381
6661,488,-453.0,-440,0,13,0.789,0.12640
6675,489,-454.0,-440,0,14,0.789,0.12354
6685,490,-480.0,-470,0,10,0.788,0.13544
6734,491,-529.0,-480,0,49,0.787,0.16150
6744,492,-480.0,-470,0,10,0.786,0.16923
6754,493,-480.0,-470,0,10,0.786,0.12659
6766,494,-492.0,-480,0,12,0.786,0.05808
6776,495,-490.0,-480,0,10,0.785,0.13389
6785,496,-469.0,-460,0,9,0.785,0.02811
6800,497,-445.0,-430,0,15,0.785,0.13388
6809,498,-479.0,-470,0,9,0.784,0.21050
6818,499,-459.0,-450,0,9,0.784,0.16374
6831,500,-463.0,-450,0,13,0.784,0.11477
6850,501,-459.0,-440,0,19,0.783,0.15735
6862,502,-502.0,-490,0,12,0.783,0.10104
6874,503,-502.0,-490,0,12,0.782,0.21876
6886,504,-502.0,-490,0,12,0.782,0.16999
6898,505,-502.0,-490,0,12,0.782,0.20839
6910,506,-502.0,-490,0,12,0.781,0.16368
6928,507,-498.0,-480,0,18,0.781,0.05575
6938,508,-450.0,-440,0,10,0.780,0.06173
6950,509,-462.0,-450,0,12,0.780,0.10131
6957,510,-457.0,-450,0,7,0.780,0.11280
6969,511,-502.0,-490,0,12,0.779,0.05762
6990,512,-501.0,-480,0,21,0.779,0.14386
7009,513,-489.0,-470,0,19,0.778,0.16501
7020,514,-491.0,-480,0,11,0.778,0.28468
7031,515,-481.0,-470,0,11,0.777,0.30922
7043,516,-492.0,-480,0,12,0.777,0.18283
7054,517,-501.0,-490,0,11,0.777,0.18933
7083,518,-499.0,-470,0,29,0.776,0.20033
7104,519,-481.0,-460,0,21,0.775,0.16743
7115,520,-501.0,-490,0,11,0.775,0.13268
7123,521,-468.0,-460,0,8,0.774,0.13165
7135,522,-492.0,-480,0,12,0.774,0.18252
7147,523,-492.0,-480,0,12,0.774,0.05252
7159,524,-502.0,-490,0,12,0.773,0.14413
7171,525,-502.0,-490,0,12,0.773,0.07108
7183,526,-502.0,-490,0,12,0.773,0.08939
7193,527,-480.0,-470,0,10,0.772,0.22394
7232,528,-509.0,-470,0,39,0.771,0.13105
7242,529,-490.0,-480,0,10,0.771,0.19212
7254,530,-502.0,-490,0,12,0.770,0.14373
7266,531,-492.0,-480,0,12,0.770,0.08492
7276,532,-480.0,-470,0,10,0.770,0.13913
7285,533,-469.0,-460,0,9,0.769,0.07577
7297,534,-502.0,-490,0,12,0.769,0.23538
7308,535,-491.0,-480,0,11,0.769,0.10950
7326,536,-498.0,-480,0,18,0.768,0.13710
7340,537,-434.0,-420,0,14,0.768,0.06632
7352,538,-502.0,-490,0,12,0.767,0.17283
7363,539,-481.0,-470,0,11,0.767,0.01965
7373,540,-490.0,-480,0,10,0.767,0.08783
7384,541,-491.0,-480,0,11,0.766,0.20641
7396,542,-502.0,-490,0,12,0.766,0.10722
7408,543,-502.0,-490,0,12,0.765,0.07849
7417,544,-469.0,-460,0,9,0.765,0.04673
7429,545,-502.0,-490,0,12,0.765,0.07890
7441,546,-502.0,-490,0,12,0.764,0.10413
7452,547,-471.0,-460,0,11,0.764,0.01777
7462,548,-480.0,-470,0,10,0.764,0.23310
7475,549,-453.0,-440,0,13,0.763,0.20242
7487,550,-462.0,-450,0,12,0.763,0.13611
7496,551,-479.0,-470,0,9,0.763,0.01327
7507,552,-481.0,-470,0,11,0.762,0.19020
7519,553,-502.0,-490,0,12,0.762,0.20526
7531,554,-502.0,-490,0,12,0.762,0.09902
7543,555,-502.0,-490,0,12,0.761,0.09830
7555,556,-492.0,-480,0,12,0.761,0.10335
7571,557,-486.0,-470,0,16,0.760,0.11889
7581,558,-490.0,-480,0,10,0.760,0.03229
7591,559,-490.0,-480,0,10,0.760,0.05476
7602,560,-491.0,-480,0,11,0.759,0.07424
7649,561,-527.0,-480,0,47,0.758,0.10895
7661,562,-502.0,-490,0,12,0.757,0.15680
7673,563,-502.0,-490,0,12,0.757,0.07193
7683,564,-490.0,-480,0,10,0.757,0.10288
7706,565,-473.0,-450,0,23,0.756,0.13478
7718,566,-492.0,-480,0,12,0.756,0.17605
7730,567,-502.0,-490,0,12,0.755,0.23497
7740,568,-480.0,-470,0,10,0.755,0.10445
7751,569,-471.0,-460,0,11,0.755,0.23046
7762,570,-491.0,-480,0,11,0.754,0.11527
7772,571,-490.0,-480,0,10,0.754,0.04859
7783,572,-491.0,-480,0,11,0.754,0.07412
7794,573,-481.0,-470,0,11,0.753,0.11237
7807,574,-463.0,-450,0,13,0.753,0.02911
7819,575,-492.0,-480,0,12,0.752,0.12633
7837,576,-508.0,-490,0,18,0.752,0.06584
7848,577,-481.0,-470,0,11,0.751,0.10341
7873,578,-455.0,-430,0,25,0.751,0.13969
7896,579,-463.0,-440,0,23,0.750,0.12346
7907,580,-461.0,-450,0,11,0.750,0.18175
7918,581,-501.0,-490,0,11,0.749,0.07185
7938,582,-480.0,-460,0,20,0.749,0.10362
7950,583,-482.0,-470,0,12,0.748,0.13972
7960,584,-480.0,-470,0,10,0.748,0.08776
7970,585,-490.0,-480,0,10,0.748,0.12568
7982,586,-492.0,-480,0,12,0.747,0.09344
7994,587,-502.0,-490,0,12,0.747,0.16827
8005,588,-491.0,-480,0,11,0.747,0.22700
8018,589,-453.0,-440,0,13,0.746,0.35172
8029,590,-501.0,-490,0,11,0.746,0.23017
8040,591,-481.0,-470,0,11,0.745,0.25874
8050,592,-480.0,-470,0,10,0.745,0.44160
8060,593,-470.0,-460,0,10,0.745,0.22821
8071,594,-501.0,-490,0,11,0.744,0.11196
8095,595,-504.0,-480,0,24,0.744,0.13481
8107,596,-502.0,-490,0,12,0.743,0.17871
8119,597,-502.0,-490,0,12,0.743,0.13591
8137,598,-508.0,-490,0,18,0.742,0.10587
8166,599,-429.0,-400,0,29,0.741,0.17095
8174,600,-468.0,-460,0,8,0.741,0.10471
8187,601,-463.0,-450,0,13,0.741,0.25649
8204,602,-447.0,-430,0,17,0.740,0.14769
8215,603,-471.0,-460,0,11,0.740,0.16958
8222,604,-457.0,-450,0,7,0.740,0.20299
8234,605,-502.0,-490,0,12,0.739,0.08711
8246,606,-502.0,-490,0,12,0.739,0.11359
8256,607,-490.0,-480,0,10,0.739,0.17222
8281,608,-495.0,-470,0,25,0.738,0.15896
8294,609,-443.0,-430,0,13,0.737,0.08849
8309,610,-435.0,-420,0,15,0.737,0.09975
8334,611,-515.0,-490,0,25,0.736,0.19230
8388,612,-354.0,-300,0,54,0.734,0.15091
8400,613,-502.0,-490,0,12,0.734,0.16247
8412,614,-502.0,-490,0,12,0.734,0.10840
8423,615,-501.0,-490,0,11,0.733,0.16272
8442,616,-479.0,-460,0,19,0.733,0.13503
8454,617,-492.0,-480,0,12,0.732,0.16601
8465,618,-501.0,-490,0,11,0.732,0.07413
8477,619,-502.0,-490,0,12,0.732,0.11370
8489,620,-502.0,-490,0,12,0.731,0.10106
8500,621,-501.0,-490,0,11,0.731,0.15736
8510,622,-470.0,-460,0,10,0.731,0.04398
8525,623,-465.0,-450,0,15,0.730,0.12770
8537,624,-492.0,-480,0,12,0.730,0.11283
8548,625,-491.0,-480,0,11,0.729,0.05875
8559,626,-491.0,-480,0,11,0.729,0.21043
8571,627,-502.0,-490,0,12,0.729,0.24989
8577,628,-446.0,-440,0,6,0.728,0.23317
8594,629,-497.0,-480,0,17,0.728,0.17548
8606,630,-502.0,-490,0,12,0.727,0.24444
8617,631,-501.0,-490,0,11,0.727,0.08669
8628,632,-501.0,-490,0,11,0.727,0.08863
8639,633,-471.0,-460,0,11,0.726,0.10259
8651,634,-502.0,-490,0,12,0.726,0.19895
8689,635,-418.0,-380,0,38,0.725,0.10182
8701,636,-502.0,-490,0,12,0.724,0.04109
8712,637,-501.0,-490,0,11,0.724,0.18328
8737,638,-505.0,-480,0,25,0.723,0.11707
8758,639,-511.0,-490,0,21,0.723,0.14248
8770,640,-512.0,-500,0,12,0.722,0.07349
8782,641,-482.0,-470,0,12,0.722,0.10119
8794,642,-472.0,-460,0,12,0.722,0.11811
8806,643,-502.0,-490,0,12,0.721,0.26772
8816,644,-480.0,-470,0,10,0.721,0.15971
8828,645,-502.0,-490,0,12,0.720,0.06787
8849,646,-491.0,-470,0,21,0.720,0.08784
8861,647,-502.0,-490,0,12,0.719,0.03073
8872,648,-481.0,-470,0,11,0.719,0.14611
8924,649,-362.0,-310,0,52,0.717,0.13451
8943,650,-489.0,-470,0,19,0.717,0.09006
8954,651,-501.0,-490,0,11,0.716,0.14498
8965,652,-501.0,-490,0,11,0.716,0.15891
8976,653,-491.0,-480,0,11,0.716,0.10004
8987,654,-501.0,-490,0,11,0.715,0.07211
8999,655,-492.0,-480,0,12,0.715,0.11753
9013,656,-454.0,-440,0,14,0.715,0.21133
9030,657,-497.0,-480,0,17,0.714,0.27802
9041,658,-501.0,-490,0,11,0.714,0.31707
9053,659,-502.0,-490,0,12,0.713,0.14165
9063,660,-490.0,-480,0,10,0.713,0.07007
9074,661,-501.0,-490,0,11,0.713,0.26513
9086,662,-492.0,-480,0,12,0.712,0.28647
9098,663,-492.0,-480,0,12,0.712,0.21443
9108,664,-490.0,-480,0,10,0.712,0.21791
9119,665,-501.0,-490,0,11,0.711,0.18085
9136,666,-447.0,-430,0,17,0.711,0.16386
9153,667,-477.0,-460,0,17,0.710,0.15297
9169,668,-486.0,-470,0,16,0.710,0.14004
9181,669,-502.0,-490,0,12,0.709,0.17405
9193,670,-502.0,-490,0,12,0.709,0.15690
9204,671,-491.0,-480,0,11,0.709,0.12516
9233,672,-489.0,-460,0,29,0.708,0.15324
9247,673,-464.0,-450,0,14,0.707,0.31726
9257,674,-490.0,-480,0,10,0.707,0.16621
9269,675,-482.0,-470,0,12,0.706,0.16046
9281,676,-502.0,-490,0,12,0.706,0.09909
9302,677,-511.0,-490,0,21,0.705,0.23917
9314,678,-502.0,-490,0,12,0.705,0.05341
9325,679,-491.0,-480,0,11,0.705,0.16203
9343,680,-498.0,-480,0,18,0.704,0.06711
9364,681,-481.0,-460,0,21,0.703,0.18295
9376,682,-502.0,-490,0,12,0.703,0.23396
9387,683,-491.0,-480,0,11,0.703,0.16873
9399,684,-502.0,-490,0,12,0.702,0.13230
9416,685,-497.0,-480,0,17,0.702,0.15464
9427,686,-501.0,-490,0,11,0.701,0.12547
9439,687,-502.0,-490,0,12,0.701,0.17370
9450,688,-501.0,-490,0,11,0.701,0.18660
9464,689,-444.0,-430,0,14,0.700,0.12561
9476,690,-502.0,-490,0,12,0.700,0.10269
9497,691,-481.0,-460,0,21,0.699,0.12571
9508,692,-481.0,-470,0,11,0.699,0.18440
9520,693,-502.0,-490,0,12,0.699,0.14558
9534,694,-454.0,-440,0,14,0.698,0.05572
9546,695,-492.0,-480,0,12,0.698,0.22781
9563,696,-497.0,-480,0,17,0.697,0.13322
9575,697,-492.0,-480,0,12,0.697,0.15337
9587,698,-502.0,-490,0,12,0.696,0.12463
9612,699,-455.0,-430,0,25,0.696,0.09295
9629,700,-427.0,-410,0,17,0.695,0.06377
9678,701,-389.0,-340,0,49,0.694,0.13669
9688,702,-490.0,-480,0,10,0.693,0.08600
9705,703,-507.0,-490,0,17,0.693,0.23715
9716,704,-501.0,-490,0,11,0.692,0.21479
9724,705,-468.0,-460,0,8,0.692,0.17274
9735,706,-501.0,-490,0,11,0.692,0.14274
9746,707,-481.0,-470,0,11,0.691,0.10741
9758,708,-502.0,-490,0,12,0.691,0.06125
9769,709,-491.0,-480,0,11,0.691,0.09419
9781,710,-502.0,-490,0,12,0.690,0.12494
9797,711,-436.0,-420,0,16,0.690,0.09529
9806,712,-469.0,-460,0,9,0.689,0.11150
9818,713,-502.0,-490,0,12,0.689,0.12678
9834,714,-496.0,-480,0,16,0.689,0.22065
9842,715,-458.0,-450,0,8,0.688,0.13273
9860,716,-408.0,-390,0,18,0.688,0.20119
9871,717,-491.0,-480,0,11,0.687,0.09010
9889,718,-468.0,-450,0,18,0.687,0.11309
9914,719,-515.0,-490,0,25,0.686,0.16260
9926,720,-502.0,-490,0,12,0.686,0.15232
9935,721,-449.0,-440,0,9,0.685,0.10107
9955,722,-480.0,-460,0,20,0.685,0.17371
9967,723,-502.0,-490,0,12,0.684,0.07963
9985,724,-498.0,-480,0,18,0.684,0.06822
9996,725,-471.0,-460,0,11,0.683,0.16213
10008,726,-502.0,-490,0,12,0.683,0.22295
10019,727,-501.0,-490,0,11,0.683,0.34342
10097,728,-328.0,-250,0,78,0.680,0.26945
10108,729,-501.0,-490,0,11,0.680,0.19942
10119,730,-491.0,-480,0,11,0.680,0.14639
10145,731,-516.0,-490,0,26,0.679,0.14014
10155,732,-470.0,-460,0,10,0.678,0.08017
10167,733,-502.0,-490,0,12,0.678,0.18928
10177,734,-490.0,-480,0,10,0.678,0.09191
10188,735,-491.0,-480,0,11,0.677,0.11514
10202,736,-454.0,-440,0,14,0.677,0.20353
10228,737,-426.0,-400,0,26,0.676,0.15376
10239,738,-481.0,-470,0,11,0.676,0.17855
10249,739,-490.0,-480,0,10,0.675,0.21285
10258,740,-469.0,-460,0,9,0.675,0.05288
10269,741,-491.0,-480,0,11,0.675,0.15839
10285,742,-486.0,-470,0,16,0.674,0.13949
10310,743,-505.0,-480,0,25,0.674,0.17461
10321,744,-501.0,-490,0,11,0.673,0.14362
10332,745,-491.0,-480,0,11,0.673,0.16998
10357,746,-415.0,-390,0,25,0.672,0.18483
10369,747,-452.0,-440,0,12,0.672,0.13041
10380,748,-491.0,-480,0,11,0.671,0.09492
10391,749,-501.0,-490,0,11,0.671,0.20092
10400,750,-469.0,-460,0,9,0.671,0.21522
10409,751,-469.0,-460,0,9,0.670,0.27780
10419,752,-480.0,-470,0,10,0.670,0.12357
10428,753,-449.0,-440,0,9,0.670,0.12267
10441,754,-453.0,-440,0,13,0.669,0.13601
10451,755,-460.0,-450,0,10,0.669,0.15026
10494,756,-353.0,-310,0,43,0.668,0.11720
10506,757,-472.0,-460,0,12,0.667,0.11007
10516,758,-490.0,-480,0,10,0.667,0.13526
10532,759,-436.0,-420,0,16,0.666,0.07402
10542,760,-490.0,-480,0,10,0.666,0.09455
10552,761,-490.0,-480,0,10,0.666,0.09078
10564,762,-482.0,-470,0,12,0.665,0.07288
10573,763,-469.0,-460,0,9,0.665,0.34239
10595,764,-412.0,-390,0,22,0.664,0.08642
10605,765,-480.0,-470,0,10,0.664,0.07380
10614,766,-449.0,-440,0,9,0.664,0.27953
10640,767,-406.0,-380,0,26,0.663,0.17166
10650,768,-480.0,-470,0,10,0.663,0.02613
10660,769,-490.0,-480,0,10,0.662,0.15329
10673,770,-463.0,-450,0,13,0.662,0.13871
10691,771,-508.0,-490,0,18,0.661,0.10572
10702,772,-501.0,-490,0,11,0.661,0.10724
10712,773,-490.0,-480,0,10,0.661,0.08206
10724,774,-452.0,-440,0,12,0.660,0.19421
10743,775,-439.0,-420,0,19,0.660,0.13417
10764,776,-511.0,-490,0,21,0.659,0.13632
10773,777,-479.0,-470,0,9,0.659,0.17752
10804,778,-471.0,-440,0,31,0.658,0.11578
10818,779,-454.0,-440,0,14,0.657,0.11718
10831,780,-463.0,-450,0,13,0.657,0.18825
10852,781,-441.0,-420,0,21,0.656,0.14535
10875,782,-473.0,-450,0,23,0.656,0.16184
10885,783,-490.0,-480,0,10,0.655,0.26698
10896,784,-481.0,-470,0,11,0.655,0.14562
10907,785,-481.0,-470,0,11,0.655,0.15514
10914,786,-447.0,-440,0,7,0.654,0.17513
10926,787,-502.0,-490,0,12,0.654,0.22127
10937,788,-501.0,-490,0,11,0.654,0.12041
10953,789,-486.0,-470,0,16,0.653,0.06888
10963,790,-490.0,-480,0,10,0.653,0.06406
10974,791,-501.0,-490,0,11,0.652,0.10596
10991,792,-497.0,-480,0,17,0.652,0.08979
11002,793,-501.0,-490,0,11,0.652,0.20934
11013,794,-491.0,-480,0,11,0.651,0.42428
11023,795,-490.0,-480,0,10,0.651,0.28975
11034,796,-491.0,-480,0,11,0.651,0.38512
11045,797,-461.0,-450,0,11,0.650,0.53044
11053,798,-468.0,-460,0,8,0.650,0.31534
11065,799,-492.0,-480,0,12,0.650,0.18633
11085,800,-460.0,-440,0,20,0.649,0.28547
11097,801,-502.0,-490,0,12,0.649,0.26325
11108,802,-501.0,-490,0,11,0.648,0.21048
11118,803,-490.0,-480,0,10,0.648,0.20142
11135,804,-457.0,-440,0,17,0.647,0.15313
11147,805,-502.0,-490,0,12,0.647,0.14868
11160,806,-443.0,-430,0,13,0.647,0.22147
11170,807,-470.0,-460,0,10,0.646,0.08907
11180,808,-480.0,-470,0,10,0.646,0.34406
11190,809,-450.0,-440,0,10,0.646,0.19973
11209,810,-439.0,-420,0,19,0.645,0.12501
11222,811,-443.0,-430,0,13,0.645,0.17741
11233,812,-471.0,-460,0,11,0.644,0.15221
11243,813,-480.0,-470,0,10,0.644,0.28874
11263,814,-480.0,-460,0,20,0.643,0.19996
11272,815,-479.0,-470,0,9,0.643,0.14245
11283,816,-491.0,-480,0,11,0.643,0.11034
11292,817,-469.0,-460,0,9,0.642,0.09225
11302,818,-490.0,-480,0,10,0.642,0.15152
11318,819,-476.0,-460,0,16,0.642,0.12910
11337,820,-439.0,-420,0,19,0.641,0.27588
11349,821,-472.0,-460,0,12,0.641,0.17298
11359,822,-490.0,-480,0,10,0.640,0.28841
11380,823,-451.0,-430,0,21,0.640,0.26918
11390,824,-490.0,-480,0,10,0.639,0.43621
11405,825,-475.0,-460,0,15,0.639,0.17401
11414,826,-449.0,-440,0,9,0.639,0.17741
11432,827,-418.0,-400,0,18,0.638,0.14629
11448,828,-436.0,-420,0,16,0.637,0.20148
11459,829,-481.0,-470,0,11,0.637,0.27731
11488,830,-389.0,-360,0,29,0.636,0.16791
11498,831,-490.0,-480,0,10,0.636,0.27592
11510,832,-502.0,-490,0,12,0.636,0.14417
11523,833,-463.0,-450,0,13,0.635,0.19660
11555,834,-452.0,-420,0,32,0.634,0.10399
11571,835,-486.0,-470,0,16,0.634,0.14639
11579,836,-458.0,-450,0,8,0.633,0.31270
11589,837,-490.0,-480,0,10,0.633,0.15177
11601,838,-502.0,-490,0,12,0.633,0.06192
11612,839,-481.0,-470,0,11,0.632,0.25164
11625,840,-443.0,-430,0,13,0.632,0.18055
11636,841,-461.0,-450,0,11,0.632,0.12860
11646,842,-490.0,-480,0,10,0.631,0.11003
11712,843,-376.0,-310,0,66,0.629,0.19458
11720,844,-458.0,-450,0,8,0.629,0.19840
11731,845,-481.0,-470,0,11,0.629,0.11433
11742,846,-501.0,-490,0,11,0.628,0.19462
11753,847,-481.0,-470,0,11,0.628,0.14022
11764,848,-471.0,-460,0,11,0.627,0.10557
11779,849,-435.0,-420,0,15,0.627,0.28590
11845,850,-416.0,-350,0,66,0.625,0.16299
11903,851,-378.0,-320,0,58,0.623,0.17585
11916,852,-453.0,-440,0,13,0.623,0.16032
11925,853,-479.0,-470,0,9,0.622,0.26467
11934,854,-449.0,-440,0,9,0.622,0.32746
11942,855,-468.0,-460,0,8,0.622,0.11380
11952,856,-490.0,-480,0,10,0.622,0.15351
11962,857,-490.0,-480,0,10,0.621,0.10798
11976,858,-444.0,-430,0,14,0.621,0.19384
11985,859,-449.0,-440,0,9,0.620,0.14644
11997,860,-432.0,-420,0,12,0.620,0.17670
12004,861,-457.0,-450,0,7,0.620,0.27833
12016,862,-472.0,-460,0,12,0.619,0.26341
12027,863,-491.0,-480,0,11,0.619,0.31968
12037,864,-480.0,-470,0,10,0.619,0.34860
12047,865,-480.0,-470,0,10,0.619,0.15757
12068,866,-511.0,-490,0,21,0.618,0.28539
12078,867,-480.0,-470,0,10,0.618,0.39640
12099,868,-431.0,-410,0,21,0.617,0.24537
12128,869,-439.0,-410,0,29,0.616,0.29092
12144,870,-486.0,-470,0,16,0.615,0.22332
12157,871,-453.0,-440,0,13,0.615,0.25181
12167,872,-460.0,-450,0,10,0.615,0.26463
12177,873,-480.0,-470,0,10,0.614,0.18104
12184,874,-457.0,-450,0,7,0.614,0.21313
12196,875,-442.0,-430,0,12,0.614,0.18419
12216,876,-490.0,-470,0,20,0.613,0.19571
12227,877,-501.0,-490,0,11,0.613,0.15780
12310,878,-283.0,-200,0,83,0.610,0.20879
12323,879,-453.0,-440,0,13,0.610,0.19172
12336,880,-463.0,-450,0,13,0.609,0.12200
12345,881,-459.0,-450,0,9,0.609,0.12052
12355,882,-490.0,-480,0,10,0.609,0.07668
12381,883,-426.0,-400,0,26,0.608,0.21198
12397,884,-436.0,-420,0,16,0.607,0.24589
12406,885,-469.0,-460,0,9,0.607,0.42163
12415,886,-469.0,-460,0,9,0.607,0.18436
12428,887,-463.0,-450,0,13,0.606,0.20129
12443,888,-435.0,-420,0,15,0.606,0.28877
12454,889,-471.0,-460,0,11,0.606,0.17209
12464,890,-470.0,-460,0,10,0.605,0.30843
12472,891,-468.0,-460,0,8,0.605,0.30590
12483,892,-471.0,-460,0,11,0.605,0.13946
12509,893,-446.0,-420,0,26,0.604,0.15096
12518,894,-469.0,-460,0,9,0.604,0.12718
12526,895,-458.0,-450,0,8,0.603,0.24294
12551,896,-435.0,-410,0,25,0.603,0.20429
12561,897,-450.0,-440,0,10,0.602,0.31093
12569,898,-468.0,-460,0,8,0.602,0.15471
12589,899,-430.0,-410,0,20,0.601,0.17612
12603,900,-444.0,-430,0,14,0.601,0.16352
12614,901,-481.0,-470,0,11,0.601,0.14473
12630,902,-436.0,-420,0,16,0.600,0.08750
12641,903,-471.0,-460,0,11,0.600,0.15021
12653,904,-492.0,-480,0,12,0.599,0.26962
12667,905,-444.0,-430,0,14,0.599,0.22539
12695,906,-428.0,-400,0,28,0.598,0.23271
12708,907,-453.0,-440,0,13,0.598,0.18801
12720,908,-502.0,-490,0,12,0.597,0.18795
12727,909,-457.0,-450,0,7,0.597,0.15327
12733,910,-446.0,-440,0,6,0.597,0.34429
12757,911,-484.0,-460,0,24,0.596,0.27990
12768,912,-481.0,-470,0,11,0.596,0.15107
12779,913,-481.0,-470,0,11,0.595,0.07736
12790,914,-461.0,-450,0,11,0.595,0.23275
12799,915,-479.0,-470,0,9,0.595,0.10268
12820,916,-451.0,-430,0,21,0.594,0.24007
12882,917,-232.0,-170,0,62,0.592,0.20660
12894,918,-502.0,-490,0,12,0.592,0.25792
12907,919,-463.0,-450,0,13,0.591,0.14036
12929,920,-462.0,-440,0,22,0.591,0.25089
12939,921,-490.0,-480,0,10,0.590,0.20249
12952,922,-463.0,-450,0,13,0.590,0.18706
12967,923,-435.0,-420,0,15,0.589,0.10979
12974,924,-457.0,-450,0,7,0.589,0.31732
12983,925,-469.0,-460,0,9,0.589,0.15620
13002,926,-439.0,-420,0,19,0.588,0.18388
13016,927,-444.0,-430,0,14,0.588,0.29627
13025,928,-459.0,-450,0,9,0.588,0.29805
13035,929,-480.0,-470,0,10,0.587,0.34501
13051,930,-456.0,-440,0,16,0.587,0.24582
13061,931,-450.0,-440,0,10,0.586,0.20559
13070,932,-469.0,-460,0,9,0.586,0.20225
13111,933,-401.0,-360,0,41,0.585,0.25263
13122,934,-471.0,-460,0,11,0.584,0.07993
13142,935,-490.0,-470,0,20,0.584,0.18581
13150,936,-468.0,-460,0,8,0.584,0.27341
13172,937,-432.0,-410,0,22,0.583,0.18764
13186,938,-444.0,-430,0,14,0.582,0.23434
13196,939,-490.0,-480,0,10,0.582,0.13641
13212,940,-426.0,-410,0,16,0.582,0.24837
13226,941,-424.0,-410,0,14,0.581,0.26346
13239,942,-463.0,-450,0,13,0.581,0.21403
13248,943,-479.0,-470,0,9,0.580,0.15952
13265,944,-457.0,-440,0,17,0.580,0.24469
13280,945,-465.0,-450,0,15,0.579,0.15519
13309,946,-449.0,-420,0,29,0.579,0.15859
13368,947,-389.0,-330,0,59,0.577,0.18024
13377,948,-469.0,-460,0,9,0.576,0.16940
13389,949,-432.0,-420,0,12,0.576,0.29923
13399,950,-490.0,-480,0,10,0.576,0.25885
13408,951,-459.0,-450,0,9,0.575,0.14501
13431,952,-463.0,-440,0,23,0.575,0.12720
13446,953,-435.0,-420,0,15,0.574,0.13258
13456,954,-440.0,-430,0,10,0.574,0.09378
13471,955,-435.0,-420,0,15,0.573,0.15031
13481,956,-440.0,-430,0,10,0.573,0.17908
13491,957,-490.0,-480,0,10,0.573,0.17727
13505,958,-444.0,-430,0,14,0.572,0.21279
13516,959,-501.0,-490,0,11,0.572,0.17641
13560,960,-334.0,-290,0,44,0.571,0.21130
13570,961,-490.0,-480,0,10,0.570,0.19675
13583,962,-463.0,-450,0,13,0.570,0.31054
13596,963,-453.0,-440,0,13,0.569,0.18830
13612,964,-436.0,-420,0,16,0.569,0.17767
13626,965,-454.0,-440,0,14,0.569,0.25306
13637,966,-441.0,-430,0,11,0.568,0.08475
13653,967,-426.0,-410,0,16,0.568,0.18889
13670,968,-407.0,-390,0,17,0.567,0.23134
13683,969,-453.0,-440,0,13,0.567,0.17165
13700,970,-467.0,-450,0,17,0.566,0.20020
13717,971,-427.0,-410,0,17,0.566,0.29572
13737,972,-410.0,-390,0,20,0.565,0.13036
13752,973,-435.0,-420,0,15,0.565,0.20199
13763,974,-491.0,-480,0,11,0.564,0.14309
13783,975,-460.0,-440,0,20,0.564,0.17334
13794,976,-441.0,-430,0,11,0.563,0.14879
13808,977,-454.0,-440,0,14,0.563,0.34360
13823,978,-435.0,-420,0,15,0.562,0.14301
13832,979,-449.0,-440,0,9,0.562,0.17027
13845,980,-443.0,-430,0,13,0.562,0.09806
13863,981,-418.0,-400,0,18,0.561,0.20014
13875,982,-492.0,-480,0,12,0.561,0.23807
13888,983,-463.0,-450,0,13,0.560,0.15731
13902,984,-444.0,-430,0,14,0.560,0.28461
13929,985,-377.0,-350,0,27,0.559,0.13873
13942,986,-453.0,-440,0,13,0.559,0.22713
13954,987,-502.0,-490,0,12,0.558,0.32183
13967,988,-453.0,-440,0,13,0.558,0.17951
13978,989,-501.0,-490,0,11,0.557,0.10724
14000,990,-432.0,-410,0,22,0.557,0.18223
14013,991,-463.0,-450,0,13,0.556,0.36348
14027,992,-414.0,-400,0,14,0.556,0.46120
14056,993,-369.0,-340,0,29,0.555,0.32423
14071,994,-445.0,-430,0,15,0.554,0.33429
14084,995,-423.0,-410,0,13,0.554,0.27052
14096,996,-452.0,-440,0,12,0.554,0.27298
14106,997,-490.0,-480,0,10,0.553,0.26678
14117,998,-471.0,-460,0,11,0.553,0.48272
14124,999,-457.0,-450,0,7,0.553,0.10997
14134,1000,-480.0,-470,0,10,0.552,0.17566
14151,1001,-447.0,-430,0,17,0.552,0.20177
14168,1002,-387.0,-370,0,17,0.551,0.20291
14210,1003,-332.0,-290,0,42,0.550,0.18494
14224,1004,-454.0,-440,0,14,0.550,0.22122
14237,1005,-463.0,-450,0,13,0.549,0.09677
14257,1006,-440.0,-420,0,20,0.549,0.16377
14279,1007,-402.0,-380,0,22,0.548,0.21130
14293,1008,-444.0,-430,0,14,0.547,0.21869
14321,1009,-438.0,-410,0,28,0.547,0.21473
14341,1010,-450.0,-430,0,20,0.546,0.20621
14361,1011,-440.0,-420,0,20,0.545,0.12673
14383,1012,-432.0,-410,0,22,0.545,0.24552
14394,1013,-471.0,-460,0,11,0.544,0.10342
14425,1014,-451.0,-420,0,31,0.543,0.15570
14436,1015,-491.0,-480,0,11,0.543,0.21915
14446,1016,-490.0,-480,0,10,0.543,0.16112
14453,1017,-447.0,-440,0,7,0.542,0.39707
14472,1018,-439.0,-420,0,19,0.542,0.35756
14485,1019,-463.0,-450,0,13,0.541,0.24274
14498,1020,-453.0,-440,0,13,0.541,0.23734
14513,1021,-435.0,-420,0,15,0.540,0.15086
14525,1022,-472.0,-460,0,12,0.540,0.17821
14538,1023,-443.0,-430,0,13,0.540,0.22989
14550,1024,-432.0,-420,0,12,0.539,0.37318
14566,1025,-426.0,-410,0,16,0.539,0.17521
14575,1026,-479.0,-470,0,9,0.538,0.09682
14588,1027,-453.0,-440,0,13,0.538,0.10881
14601,1028,-463.0,-450,0,13,0.538,0.28698
14611,1029,-440.0,-430,0,10,0.537,0.42695
14627,1030,-436.0,-420,0,16,0.537,0.22455
14652,1031,-435.0,-410,0,25,0.536,0.16362
14689,1032,-397.0,-360,0,37,0.535,0.17027
14700,1033,-461.0,-450,0,11,0.534,0.12975
14744,1034,-394.0,-350,0,44,0.533,0.14618
14766,1035,-432.0,-410,0,22,0.532,0.11420
14780,1036,-454.0,-440,0,14,0.532,0.21993
14791,1037,-481.0,-470,0,11,0.532,0.27855
14804,1038,-443.0,-430,0,13,0.531,0.13874
14820,1039,-436.0,-420,0,16,0.531,0.20628
14830,1040,-490.0,-480,0,10,0.530,0.30490
14847,1041,-457.0,-440,0,17,0.530,0.13615
14858,1042,-481.0,-470,0,11,0.529,0.14075
14867,1043,-459.0,-450,0,9,0.529,0.05481
14876,1044,-459.0,-450,0,9,0.529,0.21769
14894,1045,-438.0,-420,0,18,0.528,0.17688
14940,1046,-316.0,-270,0,46,0.527,0.17394
14949,1047,-469.0,-460,0,9,0.527,0.15988
14970,1048,-411.0,-390,0,21,0.526,0.22951
14984,1049,-414.0,-400,0,14,0.526,0.20316
14996,1050,-442.0,-430,0,12,0.525,0.28277
15011,1051,-445.0,-430,0,15,0.525,0.31978
15030,1052,-399.0,-380,0,19,0.524,0.20000
15093,1053,-293.0,-230,0,63,0.522,0.25560
15104,1054,-441.0,-430,0,11,0.522,0.15309
15113,1055,-459.0,-450,0,9,0.521,0.19393
15129,1056,-436.0,-420,0,16,0.521,0.28893
15142,1057,-463.0,-450,0,13,0.521,0.25923
15172,1058,-440.0,-410,0,30,0.520,0.26163
15182,1059,-480.0,-470,0,10,0.519,0.25865
15196,1060,-454.0,-440,0,14,0.519,0.35788
15209,1061,-443.0,-430,0,13,0.518,0.19316
15223,1062,-454.0,-440,0,14,0.518,0.33446
15269,1063,-366.0,-320,0,46,0.516,0.21033
15285,1064,-406.0,-390,0,16,0.516,0.15633
15292,1065,-457.0,-450,0,7,0.516,0.17259
15310,1066,-478.0,-460,0,18,0.515,0.23527
15327,1067,-417.0,-400,0,17,0.515,0.12601
15340,1068,-453.0,-440,0,13,0.514,0.19004
15350,1069,-450.0,-440,0,10,0.514,0.19622
15365,1070,-445.0,-430,0,15,0.513,0.16823
15404,1071,-389.0,-350,0,39,0.512,0.18309
15454,1072,-220.0,-170,0,50,0.511,0.18717
15467,1073,-463.0,-450,0,13,0.510,0.30203
15540,1074,-403.0,-330,0,73,0.508,0.16627
15552,1075,-492.0,-480,0,12,0.508,0.14978
15562,1076,-490.0,-480,0,10,0.507,0.16931
15580,1077,-418.0,-400,0,18,0.507,0.22231
15587,1078,-447.0,-440,0,7,0.506,0.03482
15623,1079,-356.0,-320,0,36,0.505,0.16693
15637,1080,-454.0,-440,0,14,0.505,0.10228
15659,1081,-422.0,-400,0,22,0.504,0.13190
15672,1082,-403.0,-390,0,13,0.504,0.17948
15679,1083,-457.0,-450,0,7,0.503,0.19333
15725,1084,-386.0,-340,0,46,0.502,0.24487
15733,1085,-448.0,-440,0,8,0.502,0.12315
15743,1086,-490.0,-480,0,10,0.501,0.27382
15753,1087,-490.0,-480,0,10,0.501,0.18292
15762,1088,-459.0,-450,0,9,0.501,0.31091
15768,1089,-446.0,-440,0,6,0.501,0.22455
15778,1090,-480.0,-470,0,10,0.500,0.15039
15788,1091,-470.0,-460,0,10,0.500,0.10798
15844,1092,-356.0,-300,0,56,0.498,0.17051
15857,1093,-463.0,-450,0,13,0.498,0.15572
15869,1094,-462.0,-450,0,12,0.497,0.13182
15910,1095,-411.0,-370,0,41,0.496,0.19902
15957,1096,-387.0,-340,0,47,0.495,0.17012
15970,1097,-453.0,-440,0,13,0.494,0.24725
15988,1098,-408.0,-390,0,18,0.494,0.20429
15998,1099,-470.0,-460,0,10,0.493,0.17878
16007,1100,-459.0,-450,0,9,0.493,0.32715
16076,1101,-259.0,-190,0,69,0.491,0.25275
16088,1102,-482.0,-470,0,12,0.491,0.23465
16160,1103,-402.0,-330,0,72,0.488,0.18884
16173,1104,-453.0,-440,0,13,0.488,0.27314
16203,1105,-440.0,-410,0,30,0.487,0.18094
16210,1106,-447.0,-440,0,7,0.487,0.15439
16223,1107,-463.0,-450,0,13,0.486,0.22181
16232,1108,-459.0,-450,0,9,0.486,0.07473
16255,1109,-403.0,-380,0,23,0.485,0.24924
16276,1110,-381.0,-360,0,21,0.485,0.20190
16293,1111,-447.0,-430,0,17,0.484,0.15405
16313,1112,-400.0,-380,0,20,0.483,0.26062
16324,1113,-481.0,-470,0,11,0.483,0.23377
16372,1114,-358.0,-310,0,48,0.482,0.20296
16384,1115,-442.0,-430,0,12,0.481,0.17744
16393,1116,-449.0,-440,0,9,0.481,0.19466
16454,1117,-161.0,-100,0,61,0.479,0.19240
16465,1118,-481.0,-470,0,11,0.479,0.17151
16476,1119,-441.0,-430,0,11,0.478,0.14735
16524,1120,-378.0,-330,0,48,0.477,0.17452
16565,1121,-391.0,-350,0,41,0.475,0.15483
16640,1122,-285.0,-210,0,75,0.473,0.21095
16650,1123,-480.0,-470,0,10,0.473,0.32407
16706,1124,-336.0,-280,0,56,0.471,0.17189
16719,1125,-453.0,-440,0,13,0.471,0.17604
16769,1126,-340.0,-290,0,50,0.469,0.16380
16781,1127,-432.0,-420,0,12,0.469,0.12442
16805,1128,-394.0,-370,0,24,0.468,0.19234
16817,1129,-452.0,-440,0,12,0.467,0.18121
16903,1130,-336.0,-250,0,86,0.465,0.19529
16910,1131,-457.0,-450,0,7,0.465,0.06261
16925,1132,-425.0,-410,0,15,0.464,0.20907
16935,1133,-440.0,-430,0,10,0.464,0.22428
16945,1134,-470.0,-460,0,10,0.463,0.17107
16955,1135,-470.0,-460,0,10,0.463,0.16430
16966,1136,-471.0,-460,0,11,0.463,0.08823
16981,1137,-445.0,-430,0,15,0.462,0.20835
16989,1138,-458.0,-450,0,8,0.462,0.14574
17037,1139,-388.0,-340,0,48,0.460,0.25093
17047,1140,-450.0,-440,0,10,0.460,0.09363
17060,1141,-443.0,-430,0,13,0.460,0.18074
17073,1142,-443.0,-430,0,13,0.459,0.28435
17087,1143,-454.0,-440,0,14,0.459,0.26642
17140,1144,-413.0,-360,0,53,0.457,0.22207
17184,1145,-104.0,-60,0,44,0.456,0.26535
17226,1146,-342.0,-300,0,42,0.455,0.21916
17275,1147,-349.0,-300,0,49,0.453,0.21652
17285,1148,-480.0,-470,0,10,0.453,0.11286
17293,1149,-458.0,-450,0,8,0.452,0.21737
17342,1150,-389.0,-340,0,49,0.451,0.21825
17386,1151,-204.0,-160,0,44,0.449,0.17669
17403,1152,-457.0,-440,0,17,0.449,0.25082
17448,1153,-395.0,-350,0,45,0.447,0.22947
17458,1154,-490.0,-480,0,10,0.447,0.16998
17469,1155,-481.0,-470,0,11,0.447,0.11861
17482,1156,-463.0,-450,0,13,0.446,0.21464
17501,1157,-389.0,-370,0,19,0.446,0.16129
17514,1158,-463.0,-450,0,13,0.445,0.17324
17526,1159,-462.0,-450,0,12,0.445,0.15683
17536,1160,-450.0,-440,0,10,0.445,0.15537
17547,1161,-491.0,-480,0,11,0.444,0.11424
17564,1162,-477.0,-460,0,17,0.444,0.17021
17631,1163,-297.0,-230,0,67,0.442,0.15767
17647,1164,-436.0,-420,0,16,0.441,0.14050
17659,1165,-492.0,-480,0,12,0.441,0.14455
17672,1166,-453.0,-440,0,13,0.440,0.18563
17742,1167,-100.0,-30,0,70,0.438,0.15249
17766,1168,-444.0,-420,0,24,0.437,0.10932
17828,1169,-262.0,-200,0,62,0.435,0.19978
17896,1170,-258.0,-190,0,68,0.433,0.13007
17913,1171,-417.0,-400,0,17,0.433,0.19470
17925,1172,-472.0,-460,0,12,0.432,0.17509
17938,1173,-463.0,-450,0,13,0.432,0.11940
17952,1174,-454.0,-440,0,14,0.432,0.24911
17964,1175,-462.0,-450,0,12,0.431,0.12398
17982,1176,-428.0,-410,0,18,0.431,0.12206
18034,1177,-392.0,-340,0,52,0.429,0.27661
18076,1178,-392.0,-350,0,42,0.428,0.20123
18128,1179,-362.0,-310,0,52,0.426,0.15627
18139,1180,-481.0,-470,0,11,0.426,0.32578
18152,1181,-453.0,-440,0,13,0.425,0.24173
18187,1182,-405.0,-370,0,35,0.424,0.14604
18201,1183,-414.0,-400,0,14,0.424,0.16874
18217,1184,-406.0,-390,0,16,0.423,0.14332
18226,1185,-449.0,-440,0,9,0.423,0.11876
18233,1186,-457.0,-450,0,7,0.423,0.15659
18248,1187,-425.0,-410,0,15,0.422,0.16732
18262,1188,-454.0,-440,0,14,0.422,0.15538
18274,1189,-452.0,-440,0,12,0.421,0.27079
18328,1190,-404.0,-350,0,54,0.420,0.16700
18344,1191,-436.0,-420,0,16,0.419,0.15904
18363,1192,-409.0,-390,0,19,0.419,0.23822
18379,1193,-436.0,-420,0,16,0.418,0.18389
18426,1194,-277.0,-230,0,47,0.417,0.19829
18435,1195,-459.0,-450,0,9,0.416,0.21203
18450,1196,-445.0,-430,0,15,0.416,0.14627
18474,1197,-414.0,-390,0,24,0.415,0.13233
18493,1198,-439.0,-420,0,19,0.414,0.13691
18508,1199,-445.0,-430,0,15,0.414,0.19135
18524,1200,-436.0,-420,0,16,0.413,0.17218
18536,1201,-462.0,-450,0,12,0.413,0.15664
18550,1202,-454.0,-440,0,14,0.413,0.19486
18562,1203,-462.0,-450,0,12,0.412,0.11927
18603,1204,-351.0,-310,0,41,0.411,0.18648
18622,1205,-419.0,-400,0,19,0.410,0.13323
18646,1206,-464.0,-440,0,24,0.410,0.15408
18662,1207,-426.0,-410,0,16,0.409,0.12053
18673,1208,-491.0,-480,0,11,0.409,0.16712
18687,1209,-444.0,-430,0,14,0.408,0.21274
18702,1210,-445.0,-430,0,15,0.408,0.15179
18724,1211,-472.0,-450,0,22,0.407,0.10579
18770,1212,-376.0,-330,0,46,0.406,0.16970
18822,1213,-382.0,-330,0,52,0.404,0.19885
18841,1214,-469.0,-450,0,19,0.403,0.15097
18855,1215,-434.0,-420,0,14,0.403,0.13731
18881,1216,-426.0,-400,0,26,0.402,0.16703
18895,1217,-454.0,-440,0,14,0.402,0.12264
18953,1218,-278.0,-220,0,58,0.400,0.17389
19004,1219,-411.0,-360,0,51,0.398,0.17132
19015,1220,-461.0,-450,0,11,0.398,0.26006
19028,1221,-453.0,-440,0,13,0.397,0.21993
19076,1222,-418.0,-370,0,48,0.396,0.21114
19089,1223,-453.0,-440,0,13,0.396,0.22200
19121,1224,-432.0,-400,0,32,0.395,0.11363
19148,1225,-427.0,-400,0,27,0.394,0.15013
19192,1226,-364.0,-320,0,44,0.392,0.14847
19212,1227,-420.0,-400,0,20,0.392,0.11535
19228,1228,-426.0,-410,0,16,0.391,0.24165
19239,1229,-471.0,-460,0,11,0.391,0.16169
19252,1230,-453.0,-440,0,13,0.390,0.23884
19314,1231,-262.0,-200,0,62,0.388,0.16011
19343,1232,-409.0,-380,0,29,0.387,0.19954
19356,1233,-443.0,-430,0,13,0.387,0.21770
19373,1234,-407.0,-390,0,17,0.387,0.17941
19385,1235,-462.0,-450,0,12,0.386,0.18195
19399,1236,-414.0,-400,0,14,0.386,0.13135
19443,1237,-414.0,-370,0,44,0.384,0.15322
19454,1238,-481.0,-470,0,11,0.384,0.21553
19513,1239,-339.0,-280,0,59,0.382,0.17505
19587,1240,-304.0,-230,0,74,0.380,0.18503
19596,1241,-479.0,-470,0,9,0.379,0.15065
19608,1242,-452.0,-440,0,12,0.379,0.14864
19621,1243,-463.0,-450,0,13,0.379,0.17980
19634,1244,-453.0,-440,0,13,0.378,0.12483
19663,1245,-419.0,-390,0,29,0.377,0.16649
19710,1246,-407.0,-360,0,47,0.376,0.16061
19757,1247,-327.0,-280,0,47,0.374,0.10635
19824,1248,-257.0,-190,0,67,0.372,0.17925
19885,1249,-391.0,-330,0,61,0.370,0.13830
19901,1250,-436.0,-420,0,16,0.370,0.07142
19918,1251,-427.0,-410,0,17,0.369,0.10945
19966,1252,-388.0,-340,0,48,0.368,0.12643
19989,1253,-413.0,-390,0,23,0.367,0.10307
20005,1254,-436.0,-420,0,16,0.367,0.20108
20026,1255,-411.0,-390,0,21,0.366,0.20385
20042,1256,-436.0,-420,0,16,0.365,0.16374
20049,1257,-457.0,-450,0,7,0.365,0.16870
20064,1258,-445.0,-430,0,15,0.365,0.17268
20083,1259,-399.0,-380,0,19,0.364,0.20470
20094,1260,-461.0,-450,0,11,0.364,0.14486
20108,1261,-454.0,-440,0,14,0.363,0.21030
20122,1262,-444.0,-430,0,14,0.363,0.17031
20190,1263,-258.0,-190,0,68,0.361,0.14838
20251,1264,-301.0,-240,0,61,0.359,0.12143
20307,1265,-406.0,-350,0,56,0.357,0.15277
20383,1266,-286.0,-210,0,76,0.355,0.11880
20396,1267,-453.0,-440,0,13,0.354,0.19425
20419,1268,-473.0,-450,0,23,0.353,0.18524
20431,1269,-452.0,-440,0,12,0.353,0.12958
20479,1270,-408.0,-360,0,48,0.351,0.12982
20490,1271,-441.0,-430,0,11,0.351,0.17442
20501,1272,-471.0,-460,0,11,0.351,0.22921
20551,1273,-380.0,-330,0,50,0.349,0.11843
20591,1274,-370.0,-330,0,40,0.348,0.13274
20608,1275,-427.0,-410,0,17,0.347,0.09657
20617,1276,-479.0,-470,0,9,0.347,0.14665
20703,1277,-226.0,-140,0,86,0.344,0.15211
20713,1278,-480.0,-470,0,10,0.344,0.18678
20770,1279,-387.0,-330,0,57,0.342,0.14891
20788,1280,-458.0,-440,0,18,0.342,0.16943
20803,1281,-445.0,-430,0,15,0.341,0.14208
20849,1282,-406.0,-360,0,46,0.340,0.12809
20916,1283,-427.0,-360,0,67,0.338,0.18869
20972,1284,-416.0,-360,0,56,0.336,0.16509
20999,1285,-417.0,-390,0,27,0.335,0.17851
21052,1286,-263.0,-210,0,53,0.333,0.13613
21067,1287,-445.0,-430,0,15,0.333,0.06777
21080,1288,-453.0,-440,0,13,0.332,0.10908
21094,1289,-454.0,-440,0,14,0.332,0.12487
21104,1290,-480.0,-470,0,10,0.332,0.13466
21110,1291,-446.0,-440,0,6,0.332,0.21029
21136,1292,-406.0,-380,0,26,0.331,0.16492
21184,1293,-388.0,-340,0,48,0.329,0.15140
21198,1294,-454.0,-440,0,14,0.329,0.15215
21211,1295,-463.0,-450,0,13,0.328,0.13495
21224,1296,-463.0,-450,0,13,0.328,0.23904
21243,1297,-439.0,-420,0,19,0.327,0.10891
21258,1298,-445.0,-430,0,15,0.327,0.15218
21368,1299,-260.0,-150,0,110,0.323,0.12171
21385,1300,-427.0,-410,0,17,0.323,0.21110
21399,1301,-444.0,-430,0,14,0.322,0.11092
21411,1302,-492.0,-480,0,12,0.322,0.13587
21457,1303,-346.0,-300,0,46,0.321,0.11449
21474,1304,-417.0,-400,0,17,0.320,0.11190
21492,1305,-418.0,-400,0,18,0.319,0.19360
21530,1306,-318.0,-280,0,38,0.318,0.11440
21571,1307,-351.0,-310,0,41,0.317,0.10656
21584,1308,-443.0,-430,0,13,0.317,0.24112
21594,1309,-480.0,-470,0,10,0.316,0.13071
21607,1310,-463.0,-450,0,13,0.316,0.16692
21672,1311,-285.0,-220,0,65,0.314,0.16624
21683,1312,-491.0,-480,0,11,0.313,0.03158
21731,1313,-328.0,-280,0,48,0.312,0.13583
21744,1314,-463.0,-450,0,13,0.311,0.11079
21768,1315,-414.0,-390,0,24,0.311,0.15755
21781,1316,-463.0,-450,0,13,0.310,0.09458
21796,1317,-435.0,-420,0,15,0.310,0.09648
21808,1318,-472.0,-460,0,12,0.309,0.11140
21895,1319,-127.0,-40,0,87,0.307,0.09648
21908,1320,-443.0,-430,0,13,0.306,0.10500
21983,1321,-305.0,-230,0,75,0.304,0.12488
22033,1322,-340.0,-290,0,50,0.302,0.15542
22102,1323,-129.0,-60,0,69,0.300,0.11949
22120,1324,-408.0,-390,0,18,0.300,0.12047
22131,1325,-471.0,-460,0,11,0.299,0.08823
22145,1326,-454.0,-440,0,14,0.299,0.09387
22170,1327,-405.0,-380,0,25,0.298,0.16895
22187,1328,-427.0,-410,0,17,0.297,0.10213
22199,1329,-462.0,-450,0,12,0.297,0.07992
22250,1330,-331.0,-280,0,51,0.295,0.11879
22270,1331,-400.0,-380,0,20,0.295,0.16351
22297,1332,-427.0,-400,0,27,0.294,0.08576
22317,1333,-390.0,-370,0,20,0.293,0.14857
22333,1334,-436.0,-420,0,16,0.293,0.11020
22347,1335,-444.0,-430,0,14,0.292,0.20973
22421,1336,-284.0,-210,0,74,0.290,0.10375
22460,1337,-399.0,-360,0,39,0.289,0.10737
22483,1338,-473.0,-450,0,23,0.288,0.11790
22536,1339,-203.0,-150,0,53,0.286,0.16206
22545,1340,-479.0,-470,0,9,0.286,0.18870
22585,1341,-420.0,-380,0,40,0.285,0.18272
22597,1342,-452.0,-440,0,12,0.284,0.11485
22656,1343,-359.0,-300,0,59,0.283,0.12910
22673,1344,-417.0,-400,0,17,0.282,0.16875
22740,1345,-367.0,-300,0,67,0.280,0.18312
22752,1346,-492.0,-480,0,12,0.280,0.13057
22781,1347,-399.0,-370,0,29,0.279,0.15426
22792,1348,-481.0,-470,0,11,0.278,0.08818
22864,1349,-332.0,-260,0,72,0.276,0.12204
22933,1350,-299.0,-230,0,69,0.274,0.09408
22948,1351,-445.0,-430,0,15,0.273,0.15804
23011,1352,-313.0,-250,0,63,0.271,0.12472
23031,1353,-410.0,-390,0,20,0.271,0.11870
23049,1354,-418.0,-400,0,18,0.270,0.10055
23064,1355,-435.0,-420,0,15,0.270,0.12501
23109,1356,-375.0,-330,0,45,0.268,0.11255
23127,1357,-408.0,-390,0,18,0.268,0.22740
23177,1358,-330.0,-280,0,50,0.266,0.17282
23192,1359,-445.0,-430,0,15,0.266,0.11726
23237,1360,-325.0,-280,0,45,0.264,0.11936
23303,1361,-276.0,-210,0,66,0.262,0.10266
23357,1362,-364.0,-310,0,54,0.260,0.10154
23372,1363,-445.0,-430,0,15,0.260,0.08034
23425,1364,-333.0,-280,0,53,0.258,0.14979
23439,1365,-484.0,-470,0,14,0.258,0.10462
23453,1366,-454.0,-440,0,14,0.257,0.09980
23527,1367,-304.0,-230,0,74,0.255,0.12589
23540,1368,-453.0,-440,0,13,0.255,0.13909
23590,1369,-420.0,-370,0,50,0.253,0.13947
23642,1370,-282.0,-230,0,52,0.251,0.16550
23655,1371,-453.0,-440,0,13,0.251,0.05196
23711,1372,-306.0,-250,0,56,0.249,0.13738
23730,1373,-409.0,-390,0,19,0.249,0.18342
23739,1374,-469.0,-460,0,9,0.248,0.15724
23831,1375,-282.0,-190,0,92,0.245,0.12435
23851,1376,-400.0,-380,0,20,0.245,0.13209
23876,1377,-415.0,-390,0,25,0.244,0.13733
23905,1378,-409.0,-380,0,29,0.243,0.09930
23919,1379,-444.0,-430,0,14,0.243,0.18138
23933,1380,-454.0,-440,0,14,0.242,0.07010
23949,1381,-436.0,-420,0,16,0.242,0.11095
23974,1382,-405.0,-380,0,25,0.241,0.11314
23991,1383,-497.0,-480,0,17,0.240,0.13312
24010,1384,-409.0,-390,0,19,0.240,0.17891
24066,1385,-286.0,-230,0,56,0.238,0.13039
24111,1386,-385.0,-340,0,45,0.236,0.20698
24135,1387,-414.0,-390,0,24,0.236,0.10866
24152,1388,-427.0,-410,0,17,0.235,0.10491
24167,1389,-445.0,-430,0,15,0.235,0.10053
24217,1390,-410.0,-360,0,50,0.233,0.12156
24280,1391,-83.0,-20,0,63,0.231,0.11611
24341,1392,-361.0,-300,0,61,0.229,0.08928
24360,1393,-409.0,-390,0,19,0.229,0.10172
24404,1394,-284.0,-240,0,44,0.227,0.18340
24415,1395,-471.0,-460,0,11,0.227,0.15193
24425,1396,-490.0,-480,0,10,0.227,0.04682
24437,1397,-462.0,-450,0,12,0.226,0.15959
24458,1398,-381.0,-360,0,21,0.225,0.06392
24470,1399,-462.0,-450,0,12,0.225,0.12390
24514,1400,-404.0,-360,0,44,0.224,0.10452
24533,1401,-409.0,-390,0,19,0.223,0.13794
24578,1402,-405.0,-360,0,45,0.222,0.10449
24653,1403,-125.0,-50,0,75,0.219,0.12373
24712,1404,-399.0,-340,0,59,0.217,0.14394
24731,1405,-399.0,-380,0,19,0.217,0.04985
24745,1406,-444.0,-430,0,14,0.216,0.06020
24755,1407,-480.0,-470,0,10,0.216,0.09210
24810,1408,-325.0,-270,0,55,0.214,0.10850
24822,1409,-462.0,-450,0,12,0.214,0.04915
24835,1410,-443.0,-430,0,13,0.214,0.06720
24844,1411,-479.0,-470,0,9,0.213,0.08413
24862,1412,-408.0,-390,0,18,0.213,0.21938
24881,1413,-399.0,-380,0,19,0.212,0.17707
24904,1414,-363.0,-340,0,23,0.211,0.11928
24913,1415,-469.0,-460,0,9,0.211,0.13513
24972,1416,-289.0,-230,0,59,0.209,0.11979
24980,1417,-458.0,-450,0,8,0.209,0.17939
25029,1418,-309.0,-260,0,49,0.207,0.12253
25089,1419,-360.0,-300,0,60,0.206,0.13241
25134,1420,-205.0,-160,0,45,0.204,0.10985
25199,1421,-315.0,-250,0,65,0.202,0.14394
25279,1422,-290.0,-210,0,80,0.199,0.14089
25343,1423,-214.0,-150,0,64,0.197,0.11819
25398,1424,-145.0,-90,0,55,0.196,0.12994
25415,1425,-427.0,-410,0,17,0.195,0.11237
25464,1426,-339.0,-290,0,49,0.194,0.14396
25510,1427,-326.0,-280,0,46,0.192,0.15556
25583,1428,-383.0,-310,0,73,0.190,0.10032
25645,1429,-312.0,-250,0,62,0.188,0.11861
25705,1430,-270.0,-210,0,60,0.186,0.10378
25752,1431,-337.0,-290,0,47,0.185,0.12597
25825,1432,-233.0,-160,0,73,0.182,0.10739
25889,1433,-424.0,-360,0,64,0.180,0.08592
25953,1434,-284.0,-220,0,64,0.178,0.13605
26011,1435,-298.0,-240,0,58,0.176,0.08530
26024,1436,-453.0,-440,0,13,0.176,0.14615
26084,1437,-310.0,-250,0,60,0.174,0.11986
26143,1438,-299.0,-240,0,59,0.172,0.13101
26213,1439,-280.0,-210,0,70,0.170,0.12805
26262,1440,-339.0,-290,0,49,0.168,0.11706
26329,1441,-267.0,-200,0,67,0.166,0.09403
26381,1442,-332.0,-280,0,52,0.165,0.09449
26440,1443,-269.0,-210,0,59,0.163,0.11831
26496,1444,-336.0,-280,0,56,0.161,0.13387
26547,1445,-401.0,-350,0,51,0.159,0.10559
26592,1446,-385.0,-340,0,45,0.158,0.12609
26646,1447,-354.0,-300,0,54,0.156,0.09374
26659,1448,-453.0,-440,0,13,0.156,0.10056
26678,1449,-439.0,-420,0,19,0.155,0.13802
26691,1450,-453.0,-440,0,13,0.155,0.17741
26734,1451,-313.0,-270,0,43,0.153,0.09222
26750,1452,-426.0,-410,0,16,0.153,0.06396
26811,1453,-311.0,-250,0,61,0.151,0.08153
26861,1454,-330.0,-280,0,50,0.149,0.12291
26918,1455,-277.0,-220,0,57,0.148,0.10393
26936,1456,-428.0,-410,0,18,0.147,0.09870
26988,1457,-362.0,-310,0,52,0.145,0.15014
27056,1458,-298.0,-230,0,68,0.143,0.13604
27137,1459,-1.0,80,0,81,0.141,0.10927
27189,1460,-342.0,-290,0,52,0.139,0.15325
27203,1461,-434.0,-420,0,14,0.139,0.09043
27250,1462,-327.0,-280,0,47,0.137,0.08364
27299,1463,-349.0,-300,0,49,0.136,0.12009
27351,1464,-362.0,-310,0,52,0.134,0.11944
27395,1465,-414.0,-370,0,44,0.132,0.08339
27450,1466,-285.0,-230,0,55,0.131,0.11585
27490,1467,-330.0,-290,0,40,0.129,0.10976
27574,1468,-274.0,-190,0,84,0.127,0.11624
27617,1469,-333.0,-290,0,43,0.125,0.08262
27668,1470,-341.0,-290,0,51,0.124,0.10581
27714,1471,-336.0,-290,0,46,0.122,0.11732
27757,1472,-303.0,-260,0,43,0.121,0.13519
27810,1473,-393.0,-340,0,53,0.119,0.14224
27860,1474,-340.0,-290,0,50,0.118,0.11006
27905,1475,-365.0,-320,0,45,0.116,0.08224
27965,1476,-90.0,-30,0,60,0.114,0.09427
27996,1477,-321.0,-290,0,31,0.113,0.12133
28047,1478,-411.0,-360,0,51,0.112,0.11728
28139,1479,188.0,280,0,92,0.109,0.10956
28188,1480,-309.0,-260,0,49,0.107,0.11800
28245,1481,-327.0,-270,0,57,0.106,0.11602
28296,1482,-291.0,-240,0,51,0.104,0.11662
28356,1483,-340.0,-280,0,60,0.102,0.09956
28400,1484,-334.0,-290,0,44,0.101,0.08286
28415,1485,-405.0,-390,0,15,0.100,0.07636
28461,1486,-326.0,-280,0,46,0.099,0.15901
28517,1487,-316.0,-260,0,56,0.097,0.11862
28594,1488,-327.0,-250,0,77,0.095,0.10918
28644,1489,-250.0,-200,0,50,0.093,0.10361
28715,1490,-361.0,-290,0,71,0.091,0.10675
28772,1491,-267.0,-210,0,57,0.089,0.12255
28815,1492,-323.0,-280,0,43,0.088,0.11529
28908,1493,-283.0,-190,0,93,0.085,0.09403
28963,1494,-235.0,-180,0,55,0.083,0.10968
29012,1495,-339.0,-290,0,49,0.081,0.08661
29083,1496,-351.0,-280,0,71,0.079,0.12020
29140,1497,-317.0,-260,0,57,0.077,0.10617
29196,1498,-336.0,-280,0,56,0.075,0.08823
29278,1499,-342.0,-260,0,82,0.073,0.11690
29353,1500,-425.0,-350,0,75,0.070,0.11167
29406,1501,-343.0,-290,0,53,0.069,0.08290
29449,1502,-353.0,-310,0,43,0.067,0.08769
29495,1503,-336.0,-290,0,46,0.066,0.11518
29559,1504,-324.0,-260,0,64,0.064,0.09793
29624,1505,-325.0,-260,0,65,0.062,0.11718
29675,1506,-391.0,-340,0,51,0.060,0.10347
29788,1507,-233.0,-120,0,113,0.057,0.11647
29845,1508,-307.0,-250,0,57,0.055,0.08083
29906,1509,-391.0,-330,0,61,0.053,0.09722
29957,1510,-341.0,-290,0,51,0.051,0.08225
30015,1511,-348.0,-290,0,58,0.050,0.15028
30067,1512,-342.0,-290,0,52,0.050,0.13380
30116,1513,-339.0,-290,0,49,0.050,0.11681
30167,1514,-381.0,-330,0,51,0.050,0.08778
30244,1515,-317.0,-240,0,77,0.050,0.13452
30340,1516,-236.0,-140,0,96,0.050,0.10490
30400,1517,-400.0,-340,0,60,0.050,0.11542
30454,1518,-284.0,-230,0,54,0.050,0.08876
30507,1519,-343.0,-290,0,53,0.050,0.09701
30562,1520,-415.0,-360,0,55,0.050,0.11981
30608,1521,-376.0,-330,0,46,0.050,0.11385
30662,1522,-334.0,-280,0,54,0.050,0.12676
30721,1523,-339.0,-280,0,59,0.050,0.10220
30763,1524,-402.0,-360,0,42,0.050,0.12949
30805,1525,-372.0,-330,0,42,0.050,0.06268
30876,1526,-321.0,-250,0,71,0.050,0.09480
30926,1527,-380.0,-330,0,50,0.050,0.09216
30971,1528,-405.0,-360,0,45,0.050,0.10751
31018,1529,-397.0,-350,0,47,0.050,0.09930
31061,1530,-323.0,-280,0,43,0.050,0.18671
31117,1531,-296.0,-240,0,56,0.050,0.17734
31172,1532,-345.0,-290,0,55,0.050,0.11170
31242,1533,-320.0,-250,0,70,0.050,0.10196
31257,1534,-445.0,-430,0,15,0.050,0.17629
31274,1535,-417.0,-400,0,17,0.050,0.21699
31324,1536,-340.0,-290,0,50,0.050,0.13991
31374,1537,-340.0,-290,0,50,0.050,0.09802
31426,1538,-322.0,-270,0,52,0.050,0.12329
31519,1539,-103.0,-10,0,93,0.050,0.10151
31566,1540,-357.0,-310,0,47,0.050,0.09940
31620,1541,-304.0,-250,0,54,0.050,0.11540
31677,1542,-267.0,-210,0,57,0.050,0.13062
31740,1543,-313.0,-250,0,63,0.050,0.11385
31818,1544,-328.0,-250,0,78,0.050,0.09809
31863,1545,-145.0,-100,0,45,0.050,0.11384
31948,1546,-295.0,-210,0,85,0.050,0.10851
32002,1547,-264.0,-210,0,54,0.050,0.10698
32071,1548,-239.0,-170,0,69,0.050,0.12421
32123,1549,-302.0,-250,0,52,0.050,0.09429
32134,1550,-471.0,-460,0,11,0.050,0.18384
32152,1551,-408.0,-390,0,18,0.050,0.07473
32189,1552,-367.0,-330,0,37,0.050,0.10702
32231,1553,-402.0,-360,0,42,0.050,0.09354
32275,1554,-404.0,-360,0,44,0.050,0.09408
32328,1555,-373.0,-320,0,53,0.050,0.08274
32401,1556,-273.0,-200,0,73,0.050,0.15651
32486,1557,-295.0,-210,0,85,0.050,0.08849
32503,1558,-417.0,-400,0,17,0.050,0.06354
32559,1559,-346.0,-290,0,56,0.050,0.09469
32621,1560,-272.0,-210,0,62,0.050,0.08908
32645,1561,-414.0,-390,0,24,0.050,0.07906
32725,1562,-350.0,-270,0,80,0.050,0.08384
32814,1563,-169.0,-80,0,89,0.050,0.09032
32832,1564,-408.0,-390,0,18,0.050,0.12838
32851,1565,-409.0,-390,0,19,0.050,0.07519
32935,1566,-94.0,-10,0,84,0.050,0.10618
32996,1567,-271.0,-210,0,61,0.050,0.11366
33040,1568,-354.0,-310,0,44,0.050,0.08279
33103,1569,-273.0,-210,0,63,0.050,0.08918
33153,1570,-340.0,-290,0,50,0.050,0.09724
33210,1571,-297.0,-240,0,57,0.050,0.06130
33293,1572,-333.0,-250,0,83,0.050,0.08350
33345,1573,-382.0,-330,0,52,0.050,0.08926
33363,1574,-418.0,-400,0,18,0.050,0.06986
33381,1575,-418.0,-400,0,18,0.050,0.09537
33438,1576,-377.0,-320,0,57,0.050,0.09255
33505,1577,-287.0,-220,0,67,0.050,0.08526
33515,1578,-470.0,-460,0,10,0.050,0.11804
33569,1579,-374.0,-320,0,54,0.050,0.10009
33621,1580,-352.0,-300,0,52,0.050,0.09624
33675,1581,-364.0,-310,0,54,0.050,0.15272
33727,1582,-302.0,-250,0,52,0.050,0.08186
33774,1583,-337.0,-290,0,47,0.050,0.08818
33830,1584,-276.0,-220,0,56,0.050,0.11100
33916,1585,-306.0,-220,0,86,0.050,0.10203
33965,1586,-349.0,-300,0,49,0.050,0.07482
34025,1587,-310.0,-250,0,60,0.050,0.09084
34077,1588,-332.0,-280,0,52,0.050,0.08455
34126,1589,-369.0,-320,0,49,0.050,0.11565
34171,1590,-355.0,-310,0,45,0.050,0.13171
34191,1591,-400.0,-380,0,20,0.050,0.08912
34239,1592,-368.0,-320,0,48,0.050,0.12641
34293,1593,-364.0,-310,0,54,0.050,0.14528
34349,1594,-376.0,-320,0,56,0.050,0.08862
34412,1595,-293.0,-230,0,63,0.050,0.09093
34461,1596,-359.0,-310,0,49,0.050,0.08183
34521,1597,-280.0,-220,0,60,0.050,0.08732
34578,1598,-337.0,-280,0,57,0.050,0.11506
34635,1599,-387.0,-330,0,57,0.050,0.11731
34686,1600,-361.0,-310,0,51,0.050,0.08694
34747,1601,-351.0,-290,0,61,0.050,0.05889
34812,1602,-355.0,-290,0,65,0.050,0.09631
34824,1603,-502.0,-490,0,12,0.050,0.08578
34835,1604,-491.0,-480,0,11,0.050,0.06568
34893,1605,-298.0,-240,0,58,0.050,0.08120
34963,1606,-320.0,-250,0,70,0.050,0.10012
34993,1607,-410.0,-380,0,30,0.050,0.07532
35051,1608,-348.0,-290,0,58,0.050,0.11819
35066,1609,-425.0,-410,0,15,0.050,0.11529
35114,1610,-348.0,-300,0,48,0.050,0.14865
35190,1611,-276.0,-200,0,76,0.050,0.17224
35243,1612,-343.0,-290,0,53,0.050,0.08104
35297,1613,-284.0,-230,0,54,0.050,0.11183
35351,1614,-304.0,-250,0,54,0.050,0.13790
35408,1615,-357.0,-300,0,57,0.050,0.13433
35481,1616,-303.0,-230,0,73,0.050,0.12481
35535,1617,-384.0,-330,0,54,0.050,0.14380
35549,1618,-454.0,-440,0,14,0.050,0.10141
35628,1619,-329.0,-250,0,79,0.050,0.10026
35642,1620,-454.0,-440,0,14,0.050,0.07889
35696,1621,-394.0,-340,0,54,0.050,0.08838
35747,1622,-351.0,-300,0,51,0.050,0.07504
35801,1623,-394.0,-340,0,54,0.050,0.11289
35863,1624,-212.0,-150,0,62,0.050,0.12184
35926,1625,-323.0,-260,0,63,0.050,0.12680
35988,1626,-292.0,-230,0,62,0.050,0.08274
36029,1627,-411.0,-370,0,41,0.050,0.14925
36073,1628,-414.0,-370,0,44,0.050,0.13487
36133,1629,-310.0,-250,0,60,0.050,0.06558
36217,1630,-314.0,-230,0,84,0.050,0.09964
36273,1631,-296.0,-240,0,56,0.050,0.08783
36328,1632,-315.0,-260,0,55,0.050,0.07857
36399,1633,-331.0,-260,0,71,0.050,0.07801
36428,1634,-449.0,-420,0,29,0.050,0.07206
36507,1635,-269.0,-190,0,79,0.050,0.10961
36598,1636,-221.0,-130,0,91,0.050,0.09035
36658,1637,-320.0,-260,0,60,0.050,0.10138
36716,1638,-418.0,-360,0,58,0.050,0.09304
36776,1639,-310.0,-250,0,60,0.050,0.07729
36873,1640,-237.0,-140,0,97,0.050,0.08905
36928,1641,-405.0,-350,0,55,0.050,0.07768
36978,1642,-340.0,-290,0,50,0.050,0.05608
37029,1643,-411.0,-360,0,51,0.050,0.08012
37047,1644,-418.0,-400,0,18,0.050,0.15414
37108,1645,-311.0,-250,0,61,0.050,0.09038
37123,1646,-425.0,-410,0,15,0.050,0.09504
37173,1647,-280.0,-230,0,50,0.050,0.08365
37191,1648,-408.0,-390,0,18,0.050,0.12654
37208,1649,-417.0,-400,0,17,0.050,0.13706
37281,1650,-393.0,-320,0,73,0.050,0.10593
37300,1651,-399.0,-380,0,19,0.050,0.07679
37330,1652,-400.0,-370,0,30,0.050,0.09951
37402,1653,-32.0,40,0,72,0.050,0.10680
37462,1654,-300.0,-240,0,60,0.050,0.08585
37525,1655,-293.0,-230,0,63,0.050,0.09182
37569,1656,-394.0,-350,0,44,0.050,0.09615
37641,1657,-292.0,-220,0,72,0.050,0.08524
37702,1658,-351.0,-290,0,61,0.050,0.08943
37782,1659,-280.0,-200,0,80,0.050,0.09415
37865,1660,-93.0,-10,0,83,0.050,0.09140
37993,1661,-168.0,-40,0,128,0.050,0.11359
38061,1662,-368.0,-300,0,68,0.050,0.11234
38117,1663,-356.0,-300,0,56,0.050,0.12760
38166,1664,-299.0,-250,0,49,0.050,0.12348
38250,1665,-184.0,-100,0,84,0.050,0.08335
38294,1666,-374.0,-330,0,44,0.050,0.08599
38349,1667,-315.0,-260,0,55,0.050,0.11933
38398,1668,-349.0,-300,0,49,0.050,0.09125
38459,1669,-281.0,-220,0,61,0.050,0.08791
38535,1670,-306.0,-230,0,76,0.050,0.10000
38595,1671,-310.0,-250,0,60,0.050,0.08088
38664,1672,-309.0,-240,0,69,0.050,0.15810
38715,1673,-411.0,-360,0,51,0.050,0.07358
38769,1674,-394.0,-340,0,54,0.050,0.11796
38814,1675,-355.0,-310,0,45,0.050,0.09379
38925,1676,-281.0,-170,0,111,0.050,0.09275
38950,1677,-435.0,-410,0,25,0.050,0.07978
39030,1678,-270.0,-190,0,80,0.050,0.10472
39058,1679,-368.0,-340,0,28,0.050,0.14750
39081,1680,-383.0,-360,0,23,0.050,0.12458
39128,1681,-327.0,-280,0,47,0.050,0.08072
39177,1682,-309.0,-260,0,49,0.050,0.09494
39240,1683,-283.0,-220,0,63,0.050,0.10391
39309,1684,-319.0,-250,0,69,0.050,0.10937
39378,1685,-279.0,-210,0,69,0.050,0.12629
39458,1686,-270.0,-190,0,80,0.050,0.11640
39509,1687,-371.0,-320,0,51,0.050,0.10675
39660,1688,-341.0,-190,0,151,0.050,0.09098
39710,1689,-320.0,-270,0,50,0.050,0.10832
39760,1690,-380.0,-330,0,50,0.050,0.11574
39865,1691,-235.0,-130,0,105,0.050,0.08579
39926,1692,-281.0,-220,0,61,0.050,0.07648
39979,1693,-413.0,-360,0,53,0.050,0.08789
40078,1694,-298.0,-220,0,78,0.050,nan
40128,1695,-390.0,-340,0,50,0.050,nan
40196,1696,-328.0,-260,0,68,0.050,nan
40250,1697,-264.0,-210,0,54,0.050,nan
40313,1698,-223.0,-160,0,63,0.050,nan
40380,1699,-297.0,-230,0,67,0.050,nan
40440,1700,-310.0,-250,0,60,0.050,nan
40491,1701,-261.0,-210,0,51,0.050,nan
40562,1702,-341.0,-270,0,71,0.050,nan
40623,1703,-311.0,-250,0,61,0.050,nan
40689,1704,-326.0,-260,0,66,0.050,nan
40758,1705,-329.0,-260,0,69,0.050,nan
40814,1706,-316.0,-260,0,56,0.050,nan
40877,1707,-333.0,-270,0,63,0.050,nan
40926,1708,-199.0,-150,0,49,0.050,nan
40996,1709,-320.0,-250,0,70,0.050,nan
41059,1710,-163.0,-100,0,63,0.050,nan
41108,1711,-349.0,-300,0,49,0.050,nan
41166,1712,-308.0,-250,0,58,0.050,nan
41222,1713,-266.0,-210,0,56,0.050,nan
41343,1714,-161.0,-40,0,121,0.050,nan
41411,1715,-318.0,-250,0,68,0.050,nan
41465,1716,-264.0,-210,0,54,0.050,nan
41484,1717,-389.0,-370,0,19,0.050,nan
41551,1718,-317.0,-250,0,67,0.050,nan
41608,1719,-287.0,-230,0,57,0.050,nan
41702,1720,-34.0,60,0,94,0.050,nan
41743,1721,-81.0,-40,0,41,0.050,nan
41801,1722,-208.0,-150,0,58,0.050,nan
41863,1723,-322.0,-260,0,62,0.050,nan
41921,1724,-328.0,-270,0,58,0.050,nan
41988,1725,-337.0,-270,0,67,0.050,nan
42044,1726,-356.0,-300,0,56,0.050,0.05923
42095,1727,-361.0,-310,0,51,0.050,0.07201
42138,1728,-333.0,-290,0,43,0.050,0.05805
42215,1729,-327.0,-250,0,77,0.050,0.05470
42310,1730,-275.0,-180,0,95,0.050,0.04592
42357,1731,-407.0,-360,0,47,0.050,0.05693
42399,1732,-412.0,-370,0,42,0.050,0.03601
42459,1733,-410.0,-350,0,60,0.050,0.04763
42507,1734,-258.0,-210,0,48,0.050,0.05320
42580,1735,-283.0,-210,0,73,0.050,0.02916
42641,1736,-271.0,-210,0,61,0.050,0.02953
42696,1737,-265.0,-210,0,55,0.050,0.03308
42773,1738,-117.0,-40,0,77,0.050,0.04516
42828,1739,-275.0,-220,0,55,0.050,0.03600
42899,1740,-281.0,-210,0,71,0.050,0.04348
42914,1741,-425.0,-410,0,15,0.050,0.04005
42967,1742,-373.0,-320,0,53,0.050,0.03301
43032,1743,-285.0,-220,0,65,0.050,0.03792
43094,1744,-292.0,-230,0,62,0.050,0.04348
43150,1745,-306.0,-250,0,56,0.050,0.05054
43206,1746,-286.0,-230,0,56,0.050,0.04884
43261,1747,-265.0,-210,0,55,0.050,0.03855
43314,1748,-283.0,-230,0,53,0.050,0.04277
43367,1749,-273.0,-220,0,53,0.050,0.03126
43424,1750,-267.0,-210,0,57,0.050,0.03849
43496,1751,-322.0,-250,0,72,0.050,0.03217
43567,1752,-271.0,-200,0,71,0.050,0.04210
43628,1753,-271.0,-210,0,61,0.050,0.03949
43702,1754,-324.0,-250,0,74,0.050,0.04443
43758,1755,-266.0,-210,0,56,0.050,0.03263
43813,1756,-255.0,-200,0,55,0.050,0.02918
43870,1757,-277.0,-220,0,57,0.050,0.04083
43939,1758,-289.0,-220,0,69,0.050,0.04188
43995,1759,-256.0,-200,0,56,0.050,0.04812
44046,1760,-211.0,-160,0,51,0.050,0.05500
44100,1761,-284.0,-230,0,54,0.050,0.05328
44159,1762,-279.0,-220,0,59,0.050,0.03878
44228,1763,-269.0,-200,0,69,0.050,0.04017
44281,1764,-413.0,-360,0,53,0.050,0.03348
44344,1765,-293.0,-230,0,63,0.050,0.03593
44405,1766,-271.0,-210,0,61,0.050,0.05899
44454,1767,-279.0,-230,0,49,0.050,0.04524
44521,1768,-267.0,-200,0,67,0.050,0.03768
44580,1769,-269.0,-210,0,59,0.050,0.04557
44601,1770,-441.0,-420,0,21,0.050,0.04511
44679,1771,-268.0,-190,0,78,0.050,0.04373
44728,1772,-289.0,-240,0,49,0.050,0.03046
44789,1773,-271.0,-210,0,61,0.050,0.03651
44852,1774,-303.0,-240,0,63,0.050,0.03815
44904,1775,-262.0,-210,0,52,0.050,0.03105
44972,1776,-238.0,-170,0,68,0.050,0.03925
45026,1777,-234.0,-180,0,54,0.050,0.03874
45085,1778,-239.0,-180,0,59,0.050,0.04366
45207,1779,-82.0,40,0,122,0.050,0.05373
45291,1780,-104.0,-20,0,84,0.050,0.05328
45343,1781,-242.0,-190,0,52,0.050,0.04819
45406,1782,-283.0,-220,0,63,0.050,0.03695
45465,1783,-239.0,-180,0,59,0.050,0.04896
45576,1784,-1.0,110,0,111,0.050,0.02921
45629,1785,-273.0,-220,0,53,0.050,0.03443
45682,1786,-233.0,-180,0,53,0.050,0.03914
45732,1787,-290.0,-240,0,50,0.050,0.05971
45797,1788,-305.0,-240,0,65,0.050,0.04158
45866,1789,-269.0,-200,0,69,0.050,0.05068
45922,1790,-266.0,-210,0,56,0.050,0.05544
45978,1791,-356.0,-300,0,56,0.050,0.03602
46023,1792,-205.0,-160,0,45,0.050,0.04670
46071,1793,-178.0,-130,0,48,0.050,0.03878
46135,1794,-164.0,-100,0,64,0.050,0.04710
46273,1795,-108.0,30,0,138,0.050,0.05799
46285,1796,-452.0,-440,0,12,0.050,0.06812
46387,1797,-42.0,60,0,102,0.050,0.05331
46443,1798,-266.0,-210,0,56,0.050,0.04252
46497,1799,-264.0,-210,0,54,0.050,0.04420
46548,1800,-221.0,-170,0,51,0.050,0.03783
46605,1801,-227.0,-170,0,57,0.050,0.04668
46666,1802,-231.0,-170,0,61,0.050,0.05498
46718,1803,-232.0,-180,0,52,0.050,0.04484
46784,1804,-296.0,-230,0,66,0.050,0.03249
46852,1805,-298.0,-230,0,68,0.050,0.04470
46924,1806,-102.0,-30,0,72,0.050,0.03689
46980,1807,-286.0,-230,0,56,0.050,0.04480
47040,1808,-290.0,-230,0,60,0.050,0.05184
47099,1809,-299.0,-240,0,59,0.050,0.05218
47150,1810,-271.0,-220,0,51,0.050,0.06201
47214,1811,-274.0,-210,0,64,0.050,0.04505
47267,1812,-173.0,-120,0,53,0.050,0.04543
47373,1813,-46.0,60,0,106,0.050,0.04736
47475,1814,-42.0,60,0,102,0.050,0.03336
47535,1815,-280.0,-220,0,60,0.050,0.03333
47604,1816,-269.0,-200,0,69,0.050,0.05325
47667,1817,-293.0,-230,0,63,0.050,0.04596
47773,1818,-26.0,80,0,106,0.050,0.03994
47825,1819,-282.0,-230,0,52,0.050,0.04570
47905,1820,-110.0,-30,0,80,0.050,0.03857
47996,1821,-111.0,-20,0,91,0.050,0.03714
48052,1822,-296.0,-240,0,56,0.050,0.04872
48189,1823,-157.0,-20,0,137,0.050,0.05155
48262,1824,-303.0,-230,0,73,0.050,0.04473
48311,1825,-269.0,-220,0,49,0.050,0.05369
48369,1826,-278.0,-220,0,58,0.050,0.03785
48432,1827,-283.0,-220,0,63,0.050,0.05188
48499,1828,-207.0,-140,0,67,0.050,0.04501
48604,1829,-65.0,40,0,105,0.050,0.05366
48664,1830,-310.0,-250,0,60,0.050,0.04450
48713,1831,-299.0,-250,0,49,0.050,0.04082
48818,1832,-55.0,50,0,105,0.050,0.03228
48880,1833,-302.0,-240,0,62,0.050,0.04843
48937,1834,-297.0,-240,0,57,0.050,0.03836
48990,1835,-283.0,-230,0,53,0.050,0.03663
49035,1836,-395.0,-350,0,45,0.050,0.06088
49099,1837,-304.0,-240,0,64,0.050,0.04711
49147,1838,-288.0,-240,0,48,0.050,0.06546
49202,1839,-255.0,-200,0,55,0.050,0.05433
49279,1840,-137.0,-60,0,77,0.050,0.03844
49343,1841,-324.0,-260,0,64,0.050,0.05349
49407,1842,-314.0,-250,0,64,0.050,0.04447
49455,1843,-398.0,-350,0,48,0.050,0.04758
49475,1844,-380.0,-360,0,20,0.050,0.04928
49530,1845,-295.0,-240,0,55,0.050,0.05710
49590,1846,-240.0,-180,0,60,0.050,0.05078
49635,1847,-395.0,-350,0,45,0.050,0.04708
49735,1848,-190.0,-90,0,100,0.050,0.03598
49790,1849,-305.0,-250,0,55,0.050,0.04007
49849,1850,-299.0,-240,0,59,0.050,0.04118
49926,1851,-317.0,-240,0,77,0.050,0.04022
49972,1852,-406.0,-360,0,46,0.050,0.02814
50025,1853,-293.0,-240,0,53,0.050,0.05030
50073,1854,-298.0,-250,0,48,0.050,0.04138
50147,1855,-294.0,-220,0,74,0.050,0.05016
50185,1856,-388.0,-350,0,38,0.050,0.04827
50247,1857,-252.0,-190,0,62,0.050,0.06372
50309,1858,-282.0,-220,0,62,0.050,0.04433
50365,1859,-286.0,-230,0,56,0.050,0.05414
50413,1860,-308.0,-260,0,48,0.050,0.03889
50457,1861,-404.0,-360,0,44,0.050,0.04535
50515,1862,-298.0,-240,0,58,0.050,0.03832
50592,1863,-327.0,-250,0,77,0.050,0.05162
50657,1864,-305.0,-240,0,65,0.050,0.03710
50716,1865,-299.0,-240,0,59,0.050,0.05254
50790,1866,-294.0,-220,0,74,0.050,0.04588
50848,1867,-298.0,-240,0,58,0.050,0.04040
50863,1868,-425.0,-410,0,15,0.050,0.02315
50908,1869,-375.0,-330,0,45,0.050,0.02655
50959,1870,-291.0,-240,0,51,0.050,0.03080
51009,1871,-290.0,-240,0,50,0.050,0.04589
51067,1872,-108.0,-50,0,58,0.050,0.06437
51137,1873,-230.0,-160,0,70,0.050,0.03979
51253,1874,14.0,130,0,116,0.050,0.04327
51356,1875,-193.0,-90,0,103,0.050,0.06158
51477,1876,179.0,300,0,121,0.050,0.03701
51552,1877,-325.0,-250,0,75,0.050,0.04568
51602,1878,-210.0,-160,0,50,0.050,0.04288
51658,1879,-216.0,-160,0,56,0.050,0.04855
51711,1880,-253.0,-200,0,53,0.050,0.04843
51815,1881,36.0,140,0,104,0.050,0.04738
51833,1882,-408.0,-390,0,18,0.050,0.06055
51893,1883,-220.0,-160,0,60,0.050,0.03789
51959,1884,-286.0,-220,0,66,0.050,0.03932
52039,1885,-100.0,-20,0,80,0.050,0.04872
52141,1886,8.0,110,0,102,0.050,0.04687
52237,1887,-16.0,80,0,96,0.050,0.06228
52351,1888,56.0,170,0,114,0.050,0.04310
52452,1889,49.0,150,0,101,0.050,0.04255
52522,1890,-290.0,-220,0,70,0.050,0.04373
52573,1891,-301.0,-250,0,51,0.050,0.02913
52648,1892,-225.0,-150,0,75,0.050,0.04150
52701,1893,-323.0,-270,0,53,0.050,0.04614
52756,1894,-265.0,-210,0,55,0.050,0.03140
52828,1895,-272.0,-200,0,72,0.050,0.04172
52888,1896,-290.0,-230,0,60,0.050,0.03957
52937,1897,-269.0,-220,0,49,0.050,0.03855
53005,1898,-168.0,-100,0,68,0.050,0.04303
53056,1899,-261.0,-210,0,51,0.050,0.06659
53111,1900,-265.0,-210,0,55,0.050,0.04564
53163,1901,-292.0,-240,0,52,0.050,0.04445
53221,1902,-248.0,-190,0,58,0.050,0.03785
53298,1903,-77.0,0,0,77,0.050,0.04788
53345,1904,-277.0,-230,0,47,0.050,0.02938
53440,1905,-45.0,50,0,95,0.050,0.04011
53501,1906,-221.0,-160,0,61,0.050,0.02887
53556,1907,-215.0,-160,0,55,0.050,0.04905
53612,1908,-226.0,-170,0,56,0.050,0.04294
53708,1909,-286.0,-190,0,96,0.050,0.04115
53759,1910,-271.0,-220,0,51,0.050,0.03310
53811,1911,-252.0,-200,0,52,0.050,0.04908
53861,1912,-240.0,-190,0,50,0.050,0.04982
53918,1913,-287.0,-230,0,57,0.050,0.04467
54007,1914,21.0,110,0,89,0.050,0.04317
54053,1915,-176.0,-130,0,46,0.050,0.05075
54105,1916,-252.0,-200,0,52,0.050,0.04755
54158,1917,-223.0,-170,0,53,0.050,0.04707
54208,1918,-270.0,-220,0,50,0.050,0.03981
54283,1919,-295.0,-220,0,75,0.050,0.04909
54387,1920,-74.0,30,0,104,0.050,0.04541
54459,1921,-252.0,-180,0,72,0.050,0.04360
54519,1922,-300.0,-240,0,60,0.050,0.04430
54573,1923,-94.0,-40,0,54,0.050,0.04233
54637,1924,-304.0,-240,0,64,0.050,0.04452
54699,1925,-242.0,-180,0,62,0.050,0.04363
54745,1926,-216.0,-170,0,46,0.050,0.04209
54797,1927,-252.0,-200,0,52,0.050,0.04657
54851,1928,-294.0,-240,0,54,0.050,0.04741
54922,1929,-241.0,-170,0,71,0.050,0.03508
55036,1930,-84.0,30,0,114,0.050,0.04273
55093,1931,-297.0,-240,0,57,0.050,0.05053
55154,1932,-241.0,-180,0,61,0.050,0.04938
55244,1933,-100.0,-10,0,90,0.050,0.03431
55334,1934,180.0,270,0,90,0.050,0.05177
55411,1935,-277.0,-200,0,77,0.050,0.03690
55522,1936,-111.0,0,0,111,0.050,0.04724
55656,1937,176.0,310,0,134,0.050,0.03750
55756,1938,-10.0,90,0,100,0.050,0.05023
55865,1939,11.0,120,0,109,0.050,0.04163
55962,1940,-27.0,70,0,97,0.050,0.04840
56113,1941,59.0,210,0,151,0.050,0.04260
56220,1942,-17.0,90,0,107,0.050,0.04597
56262,1943,-182.0,-140,0,42,0.050,0.03317
56314,1944,-262.0,-210,0,52,0.050,0.04061
56412,1945,-58.0,40,0,98,0.050,0.03999
56497,1946,-35.0,50,0,85,0.050,0.03866
56511,1947,-454.0,-440,0,14,0.050,0.04682
56617,1948,-16.0,90,0,106,0.050,0.03842
56666,1949,-299.0,-250,0,49,0.050,0.04597
56837,1950,-31.0,140,0,171,0.050,0.03956
56928,1951,9.0,100,0,91,0.050,0.03752
56979,1952,-281.0,-230,0,51,0.050,0.04318
57038,1953,-279.0,-220,0,59,0.050,0.03614
57097,1954,-269.0,-210,0,59,0.050,0.04085
57161,1955,-274.0,-210,0,64,0.050,0.04536
57207,1956,-256.0,-210,0,46,0.050,0.03417
57334,1957,-7.0,120,0,127,0.050,0.05466
57432,1958,-8.0,90,0,98,0.050,0.03903
57609,1959,-7.0,170,0,177,0.050,0.03620
57745,1960,174.0,310,0,136,0.050,0.03299
57883,1961,-58.0,80,0,138,0.050,0.03911
57971,1962,-18.0,70,0,88,0.050,0.04446
58070,1963,-9.0,90,0,99,0.050,0.04548
58116,1964,-256.0,-210,0,46,0.050,0.05167
58205,1965,-19.0,70,0,89,0.050,0.03979
58285,1966,-300.0,-220,0,80,0.050,0.04105
58367,1967,-142.0,-60,0,82,0.050,0.03632
58423,1968,-286.0,-230,0,56,0.050,0.03509
58458,1969,-315.0,-280,0,35,0.050,0.03935
58522,1970,-274.0,-210,0,64,0.050,0.03564
58608,1971,-126.0,-40,0,86,0.050,0.04884
58680,1972,-262.0,-190,0,72,0.050,0.04275
58771,1973,-11.0,80,0,91,0.050,0.03287
58874,1974,7.0,110,0,103,0.050,0.04495
58923,1975,-279.0,-230,0,49,0.050,0.03414
59009,1976,-286.0,-200,0,86,0.050,0.03439
59104,1977,-35.0,60,0,95,0.050,0.05523
59164,1978,-300.0,-240,0,60,0.050,0.04163
59248,1979,-134.0,-50,0,84,0.050,0.04374
59390,1980,-22.0,120,0,142,0.050,0.04640
59483,1981,-133.0,-40,0,93,0.050,0.03794
59550,1982,-277.0,-210,0,67,0.050,0.03816
59656,1983,-26.0,80,0,106,0.050,0.04058
59757,1984,159.0,260,0,101,0.050,0.03855
59858,1985,49.0,150,0,101,0.050,0.03872
59962,1986,-64.0,40,0,104,0.050,0.04481
