steps,updates,minutes,decisions_per_s,eps_mean,loss,q_mean,games,practice_score,practice_level
57587184,3589827,0.5,2906,0.0718,0.28566,20.541,44,17052.7,4.0
57634528,3592786,1.0,1578,0.0718,0.26873,20.441,73,17114.1,4.1
57684496,3595909,1.5,1665,0.0718,0.26826,20.378,104,17333.4,4.11
57735040,3599068,2.0,1685,0.0718,0.27555,20.199,136,17360.7,4.18
57779520,3601848,2.5,1483,0.0718,0.28193,20.195,166,16443.8,3.98
57829760,3604988,3.0,1674,0.0718,0.2712,20.189,193,16893.8,4.13
57880608,3608166,3.5,1694,0.0718,0.27971,20.299,224,17637.1,4.34
57929888,3611246,4.0,1642,0.0718,0.28027,20.172,258,17191.7,4.19
57976256,3614144,4.5,1546,0.0718,0.28936,20.25,288,16887.4,4.02
58016384,3616652,5.0,1337,0.0718,0.28596,20.226,310,16783.2,3.94
58068112,3619885,5.5,1724,0.0718,0.28488,20.314,342,17066.6,3.97
58120464,3623157,6.0,1745,0.0718,0.28649,20.282,377,17870.2,4.14
58171552,3626350,6.5,1703,0.0718,0.28669,20.101,407,17064.4,3.93
58222448,3629531,7.0,1696,0.0718,0.29354,20.302,436,17152.3,4.0
58267216,3632329,7.5,1492,0.0718,0.29667,20.08,465,17217.5,4.01
58317456,3635469,8.0,1674,0.0718,0.29461,20.365,497,17527.0,4.15
58368976,3638689,8.5,1717,0.0718,0.2947,20.324,526,17510.5,4.2
58420672,3641920,9.0,1723,0.0718,0.28336,20.575,557,16851.0,4.05
58473392,3645215,9.5,1757,0.0718,0.28575,20.157,589,18284.8,4.35
58518272,3648020,10.0,1496,0.0718,0.28704,20.432,610,18531.4,4.36
58569904,3651247,10.5,1721,0.0718,0.29118,20.355,643,18249.0,4.36
58621520,3654473,11.0,1720,0.0718,0.2843,20.556,677,17800.0,4.22
58673536,3657724,11.5,1734,0.0718,0.28072,20.464,707,17211.6,4.09
58724848,3660931,12.0,1710,0.0718,0.28946,20.256,738,17569.1,4.09
58767504,3663597,12.5,1421,0.0718,0.2891,20.573,765,17579.4,4.11
58819616,3666854,13.0,1737,0.0718,0.29237,20.372,792,18514.1,4.33
58873136,3670199,13.5,1784,0.0718,0.29827,20.288,824,18686.2,4.41
58925664,3673482,14.0,1751,0.0718,0.29171,20.174,852,18451.1,4.35
58978320,3676773,14.5,1755,0.0718,0.29574,20.249,883,18325.4,4.32
59022576,3679539,15.0,1475,0.0718,0.30132,20.535,909,18920.3,4.36
59075264,3682832,15.5,1756,0.0718,0.29439,20.254,940,18354.2,4.25
59128592,3686165,16.0,1778,0.0718,0.2935,20.237,972,18035.9,4.2
59180048,3689381,16.5,1715,0.0718,0.29706,20.346,1002,17920.7,4.3
59232704,3692672,17.0,1755,0.0718,0.29415,20.501,1035,17219.7,4.17
59277856,3695494,17.5,1505,0.0718,0.29231,20.276,1064,17575.0,4.25
59331632,3698855,18.0,1792,0.0718,0.29297,20.38,1098,17006.4,4.07
59384448,3702156,18.5,1760,0.0718,0.29215,20.549,1129,17272.7,4.06
59437600,3705478,19.0,1771,0.0718,0.29038,20.505,1162,17561.7,4.14
59489728,3708736,19.5,1737,0.0718,0.29143,20.582,1195,17764.6,4.23
59534096,3711509,20.0,1479,0.0718,0.29121,20.427,1222,17497.6,4.2
59585200,3714703,20.5,1703,0.0718,0.29097,20.493,1254,17914.7,4.26
59638496,3718034,21.0,1776,0.0718,0.28714,20.125,1284,18342.0,4.3
59690336,3721274,21.5,1728,0.0718,0.28731,20.532,1311,18251.3,4.31
59742640,3724543,22.0,1743,0.0718,0.28077,20.218,1341,18671.0,4.43
59787392,3727340,22.5,1492,0.0718,0.27819,20.44,1368,19126.6,4.49
59840288,3730646,23.0,1763,0.0718,0.27964,20.255,1400,19045.1,4.41
59894048,3734006,23.5,1792,0.0718,0.27864,20.237,1435,18154.9,4.13
59947520,3737348,24.0,1782,0.0718,0.28249,20.323,1465,17975.7,4.08
59998160,3740513,24.5,1688,0.0718,0.27829,20.308,1496,17413.1,4.06
60039104,3743072,25.0,1364,0.0718,0.2745,20.532,1520,18129.8,4.22
60090064,3746257,25.5,1697,0.0718,0.28002,20.449,1553,18144.9,4.27
60142000,3749503,26.0,1731,0.0718,0.28248,20.513,1583,17898.0,4.19
60193120,3752698,26.5,1704,0.0718,0.28236,20.504,1610,17954.8,4.19
60243376,3755839,27.0,1675,0.0718,0.28029,20.522,1644,18161.1,4.24
60287920,3758623,27.5,1485,0.0718,0.28492,20.312,1667,18201.5,4.24
60338016,3761754,28.0,1670,0.0718,0.28873,20.497,1699,18594.6,4.26
60388816,3764929,28.5,1693,0.0718,0.29229,20.571,1728,19014.7,4.33
60440192,3768140,29.0,1712,0.0718,0.28745,20.398,1760,18886.0,4.29
60491984,3771377,29.5,1726,0.0718,0.28561,20.642,1789,18141.4,4.18
60537216,3774204,30.0,1507,0.0718,0.28824,20.778,1816,17976.4,4.22
60588320,3777398,30.5,1703,0.0718,0.29001,20.678,1848,17639.0,4.18
60638400,3780528,31.0,1669,0.0718,0.28327,20.567,1875,18078.6,4.32
60687920,3783623,31.5,1650,0.0718,0.28173,20.522,1903,17888.2,4.29
60738272,3786770,32.01,1678,0.0718,0.28493,20.568,1934,18551.6,4.41
60780800,3789428,32.51,1417,0.0718,0.28813,20.47,1958,18516.1,4.41
60831584,3792602,33.01,1693,0.0718,0.28415,20.419,1988,18085.5,4.32
60882032,3795755,33.51,1681,0.0718,0.29414,20.538,2017,18566.9,4.41
60933936,3798999,34.01,1730,0.0718,0.29107,20.789,2045,18491.9,4.37
60984128,3802136,34.51,1673,0.0718,0.28923,20.196,2072,18849.5,4.43
61029504,3804972,35.01,1512,0.0718,0.29012,20.662,2100,18770.9,4.4
61080304,3808147,35.51,1693,0.0718,0.29194,20.532,2129,18629.9,4.44
61130192,3811265,36.01,1663,0.0718,0.28877,20.718,2160,19309.2,4.51
61180752,3814425,36.51,1685,0.0718,0.2889,20.494,2188,18243.0,4.35
61231440,3817593,37.01,1687,0.0718,0.28671,20.504,2214,19382.8,4.53
61276192,3820390,37.51,1492,0.0718,0.27909,20.856,2244,18436.5,4.34
61329520,3823723,38.01,1777,0.0718,0.28656,20.522,2273,18721.7,4.36
61380944,3826937,38.51,1714,0.0718,0.28567,21.033,2305,18490.2,4.29
61432336,3830149,39.01,1713,0.0718,0.29422,20.751,2333,18862.6,4.38
61483312,3833335,39.51,1699,0.0718,0.29037,20.859,2361,18849.3,4.45
61528304,3836147,40.01,1499,0.0718,0.28546,20.425,2385,18461.1,4.42
61580960,3839438,40.51,1755,0.0718,0.2917,20.659,2413,19628.7,4.66
61633344,3842712,41.01,1746,0.0718,0.28901,20.608,2447,18737.0,4.46
61683072,3845820,41.51,1657,0.0718,0.29152,20.777,2483,17819.0,4.2
61734720,3849048,42.01,1721,0.0718,0.2904,20.865,2513,16581.0,3.95
61779568,3851851,42.51,1495,0.0718,0.29452,20.573,2535,17337.3,4.11
61829936,3854999,43.01,1679,0.0718,0.28693,20.559,2561,18212.9,4.27
61881584,3858227,43.51,1721,0.0718,0.28886,20.557,2591,19429.6,4.57
61932816,3861429,44.01,1707,0.0718,0.2909,20.657,2623,20097.1,4.68
61983776,3864614,44.51,1699,0.0718,0.29103,20.421,2655,18746.8,4.39
62028960,3867438,45.01,1506,0.0718,0.2936,20.73,2676,18682.6,4.34
62078864,3870557,45.51,1663,0.0718,0.29116,20.768,2707,18676.0,4.39
62131104,3873822,46.01,1741,0.0718,0.28682,20.672,2738,18511.1,4.35
62183200,3877078,46.51,1736,0.0718,0.29194,20.677,2767,19258.4,4.48
62234128,3880261,47.01,1697,0.0718,0.27997,20.488,2797,19177.5,4.43
62277904,3882997,47.51,1459,0.0718,0.28133,20.788,2819,18632.8,4.39
62331248,3886331,48.01,1778,0.0718,0.28026,20.453,2847,19526.1,4.63
62382720,3889548,48.51,1715,0.0718,0.28415,20.585,2873,19441.7,4.62
62433568,3892726,49.01,1695,0.0718,0.28721,20.685,2907,19451.1,4.6
62483888,3895871,49.51,1677,0.0718,0.28302,20.736,2930,19420.8,4.54
62528096,3898634,50.01,1473,0.0718,0.28942,20.448,2960,19356.9,4.4
62579664,3901857,50.51,1719,0.0718,0.27888,20.263,2989,19268.3,4.43
62631088,3905071,51.01,1714,0.0718,0.27793,20.798,3019,18581.9,4.39
62683296,3908334,51.51,1740,0.0718,0.271,20.774,3051,17823.2,4.23
62734064,3911507,52.01,1692,0.0718,0.27783,20.619,3081,18250.9,4.36
62775136,3914074,52.51,1369,0.0718,0.28195,20.678,3103,18513.6,4.36
62826864,3917307,53.01,1724,0.0718,0.27678,20.55,3131,18698.5,4.35
62877824,3920492,53.51,1698,0.0718,0.27506,20.596,3161,19674.8,4.6
62928720,3923673,54.01,1696,0.0718,0.27585,20.351,3187,19886.6,4.62
62979248,3926831,54.51,1684,0.0718,0.2769,20.409,3222,18770.3,4.45
63022384,3929527,55.01,1438,0.0718,0.2743,20.572,3248,17988.4,4.29
63073520,3932723,55.51,1704,0.0718,0.28095,20.595,3279,17565.5,4.28
63107280,3934833,56.01,1125,0.0718,0.28333,20.325,3298,16810.7,4.1
63158096,3938009,56.51,1694,0.0718,0.28167,20.399,3328,17308.0,4.18
63209232,3941205,57.01,1704,0.0718,0.27903,20.326,3360,18100.4,4.3
63254992,3944065,57.51,1525,0.0718,0.28054,20.68,3385,17937.2,4.21
63305968,3947251,58.01,1699,0.0718,0.27323,20.586,3414,18400.7,4.34
63357920,3950498,58.51,1731,0.0718,0.27753,20.612,3444,19365.9,4.55
63408544,3953662,59.01,1687,0.0718,0.28264,20.676,3469,19188.3,4.53
63459568,3956851,59.51,1701,0.0718,0.28196,20.561,3500,19999.2,4.68
63504768,3959676,60.01,1506,0.0718,0.27922,20.269,3521,19379.4,4.54
63558320,3963023,60.51,1785,0.0718,0.27841,20.415,3555,18403.7,4.36
63609792,3966240,61.01,1716,0.0718,0.27788,20.714,3583,19157.2,4.57
63663040,3969568,61.51,1775,0.0718,0.28433,20.477,3612,18101.8,4.29
63715856,3972869,62.01,1760,0.0718,0.28231,20.577,3646,19029.1,4.47
63760944,3975687,62.51,1503,0.0718,0.28154,20.612,3674,18233.7,4.34
63814624,3979042,63.01,1789,0.0718,0.28425,20.667,3707,17497.7,4.12
63865216,3982204,63.51,1686,0.0718,0.28084,20.671,3735,18279.5,4.27
63918000,3985503,64.01,1759,0.0718,0.28087,20.744,3764,18799.1,4.42
63969392,3988715,64.51,1713,0.0718,0.28582,20.666,3792,19754.0,4.56
64012624,3991417,65.01,1441,0.0718,0.28096,20.4,3817,19905.0,4.63
64066240,3994768,65.51,1787,0.0718,0.28069,20.653,3848,18924.6,4.41
64119792,3998115,66.01,1785,0.0718,0.2796,20.77,3882,19404.1,4.54
64172976,4001439,66.51,1773,0.0718,0.27993,20.781,3910,18255.2,4.35
64223616,4004604,67.01,1688,0.0718,0.28327,20.756,3939,19007.8,4.53
64267504,4007347,67.51,1463,0.0718,0.28203,20.859,3961,18225.5,4.36
64317568,4010476,68.01,1668,0.0718,0.27865,20.423,3995,18768.6,4.43
64367568,4013601,68.51,1666,0.0718,0.27179,20.44,4023,18103.4,4.29
64418768,4016801,69.01,1706,0.0718,0.2706,20.804,4055,17300.4,4.14
64468672,4019920,69.51,1663,0.0718,0.27512,20.64,4082,17478.7,4.2
64512432,4022655,70.01,1458,0.0718,0.27871,20.701,4112,18034.6,4.31
64562976,4025814,70.51,1684,0.0718,0.2733,20.132,4137,17764.8,4.28
64613296,4028959,71.01,1677,0.0718,0.27827,20.676,4167,18987.9,4.49
64666224,4032267,71.51,1764,0.0718,0.27984,20.586,4197,19628.3,4.52
64717744,4035487,72.01,1717,0.0718,0.27677,20.519,4227,19475.4,4.54
64762528,4038286,72.51,1493,0.0718,0.28582,20.346,4254,18725.6,4.35
64813328,4041461,73.01,1693,0.0718,0.28009,20.517,4282,18619.2,4.34
64864992,4044690,73.51,1722,0.0718,0.28366,20.646,4310,19570.4,4.48
64916816,4047929,74.01,1726,0.0718,0.29042,20.554,4337,19795.9,4.58
64968400,4051153,74.51,1719,0.0718,0.28752,20.747,4367,19242.5,4.48
65010128,4053761,75.01,1391,0.0718,0.28038,20.592,4393,19299.3,4.49
65025904,4054747,75.51,525,0.0718,0.27917,20.444,4399,19126.2,4.44
65071024,4057567,76.01,1504,0.0718,0.27875,20.63,4423,18997.3,4.45
65123280,4060833,76.51,1741,0.0718,0.2807,20.66,4454,19340.1,4.56
65175472,4064095,77.01,1740,0.0718,0.28066,20.402,4483,19611.1,4.63
65226576,4067289,77.51,1703,0.0718,0.28214,20.475,4513,18943.8,4.5
65269808,4069991,78.01,1441,0.0718,0.28826,20.697,4536,18816.5,4.45
65321584,4073227,78.51,1725,0.0718,0.28988,20.448,4567,19251.8,4.54
65372176,4076389,79.01,1686,0.0718,0.29206,20.413,4593,18868.5,4.5
65423936,4079624,79.51,1725,0.0718,0.28632,20.727,4626,18608.1,4.42
65476000,4082878,80.01,1735,0.0718,0.28689,20.424,4656,17668.8,4.15
65517008,4085441,80.51,1367,0.0718,0.28669,20.558,4685,18086.1,4.24
65568496,4088659,81.01,1716,0.0718,0.28873,20.634,4712,17811.7,4.18
65619440,4091843,81.51,1698,0.0718,0.28118,20.547,4739,17620.6,4.16
65671680,4095108,82.01,1741,0.0718,0.28259,20.673,4770,18600.4,4.33
65725360,4098463,82.51,1789,0.0718,0.28377,20.645,4805,19021.0,4.41
65770640,4101293,83.01,1509,0.0718,0.28577,20.851,4829,18879.2,4.4
65821936,4104499,83.51,1710,0.0718,0.28632,20.376,4857,18854.5,4.44
65874944,4107812,84.01,1767,0.0718,0.28701,20.452,4887,18546.4,4.42
65925664,4110982,84.51,1691,0.0718,0.28933,20.517,4916,19384.0,4.54
65978656,4114294,85.01,1766,0.0718,0.28548,20.599,4941,20206.3,4.67
66025312,4117210,85.51,1555,0.0718,0.28115,20.644,4969,19670.9,4.57
66076832,4120430,86.01,1717,0.0718,0.28382,20.328,5000,19126.2,4.44
66127696,4123609,86.51,1695,0.0718,0.28878,20.524,5031,18569.7,4.3
66178048,4126756,87.01,1678,0.0718,0.28967,20.425,5060,18954.5,4.29
66228576,4129914,87.51,1684,0.0718,0.29183,20.508,5086,18040.7,4.17
66268800,4132428,88.02,1341,0.0718,0.28727,20.573,5110,18535.8,4.24
66319296,4135584,88.52,1683,0.0718,0.28688,20.443,5139,19129.1,4.4
66370752,4138800,89.02,1715,0.0718,0.28458,20.565,5169,20050.2,4.59
66421776,4141989,89.52,1701,0.0718,0.28279,20.67,5198,18822.8,4.4
66471968,4145126,90.02,1673,0.0718,0.28144,20.339,5226,19284.8,4.5
66513472,4147720,90.52,1383,0.0718,0.27784,20.658,5251,19072.9,4.44
66564096,4150884,91.02,1687,0.0718,0.28165,20.351,5278,18863.8,4.41
66614160,4154013,91.52,1669,0.0718,0.28346,20.871,5303,19679.3,4.56
66664704,4157172,92.02,1685,0.0718,0.27809,20.472,5330,19920.0,4.61
66714752,4160300,92.52,1668,0.0718,0.27778,20.482,5357,20540.4,4.72
66753824,4162742,93.02,1302,0.0718,0.2792,20.457,5380,20401.9,4.7
66803760,4165863,93.52,1664,0.0718,0.27524,20.45,5407,20286.3,4.72
66852960,4168938,94.02,1640,0.0718,0.28067,20.419,5430,19265.2,4.53
66903792,4172115,94.52,1694,0.0718,0.28165,20.42,5461,19598.1,4.62
66955504,4175347,95.02,1723,0.0718,0.2774,20.427,5490,19765.1,4.62
67000016,4178129,95.53,1454,0.0718,0.2795,20.433,5519,19021.3,4.41
67051760,4181363,96.03,1724,0.0718,0.27683,20.326,5552,18265.5,4.22
67102352,4184525,96.53,1686,0.0718,0.27938,20.459,5576,18589.9,4.27
67153536,4187724,97.03,1706,0.0718,0.27984,20.353,5607,18539.2,4.3
67203536,4190849,97.53,1667,0.0718,0.2876,20.53,5639,18625.5,4.34
67250016,4193754,98.08,1411,0.0718,0.2816,20.252,5665,18172.8,4.23
67300624,4196917,98.58,1687,0.0718,0.28426,20.565,5692,18665.4,4.32
67351616,4200104,99.08,1700,0.0718,0.28071,20.529,5718,19519.7,4.42
67402912,4203310,99.58,1710,0.0718,0.2791,20.628,5746,19763.1,4.58
67454656,4206544,100.08,1725,0.0718,0.27981,20.586,5778,20062.7,4.66
