steps,minutes,mean_score,median_score,max_score,mean_level,max_level,levels_cleared,ghosts_per_game,unfinished
250000,2.13,2768.0,2705.0,3280,1.0,1,0,1.3,0
500000,4.72,5633.0,4590.0,12670,1.5,4,5,6.0,0
750000,7.27,6746.0,4580.0,14580,1.8,4,8,6.1,0
1000000,9.78,9015.0,9615.0,14840,2.1,4,11,7.7,0
1250000,12.39,5966.0,4885.0,11640,1.7,3,7,3.7,0
1500000,17.26,16924.0,17790.0,25770,4.1,7,31,13.8,0
1750000,20.73,12131.0,10610.0,20350,2.9,6,19,11.1,0
2000000,23.15,15827.0,17985.0,23680,3.9,6,29,15.4,0
2250000,25.5,13494.0,13115.0,25480,3.2,6,22,11.3,0
2500000,27.76,17402.0,15765.0,37060,4.4,10,34,14.2,0
2750000,30.02,15431.0,17030.0,23230,3.9,6,29,12.9,0
3000000,32.24,16963.0,17520.0,21290,3.8,5,28,17.5,0
3250000,34.57,17526.0,15500.0,32280,4.1,8,31,16.8,0
3500000,36.86,10914.0,9290.0,17350,3.0,4,20,10.9,0
3750000,39.25,18273.0,16805.0,34690,4.2,9,32,17.4,0
4000000,41.51,17637.0,15900.0,30010,4.0,7,30,19.0,0
4250000,43.89,16141.0,15635.0,22620,3.7,6,27,16.7,0
4500000,46.25,16240.0,16005.0,29060,3.7,7,27,15.5,0
4750000,48.52,20221.0,20725.0,22420,4.6,5,36,20.3,0
5000000,50.83,18564.0,18170.0,36470,4.2,9,32,18.0,0
5250000,53.21,19456.0,17880.0,28840,4.3,8,33,20.3,0
5500000,55.51,17600.0,16900.0,24390,3.8,6,28,18.8,0
5750000,57.82,19637.0,19790.0,34070,4.6,7,36,18.5,0
6000000,60.14,19944.0,18370.0,30660,4.3,7,33,21.0,0
6250000,62.37,22717.0,22420.0,32060,5.1,7,41,22.1,0
6500000,64.66,22172.0,19850.0,43410,4.8,10,38,21.8,0
6750000,67.01,19057.0,18040.0,30680,4.2,7,32,19.8,0
7000000,69.41,20533.0,18420.0,26900,4.6,7,36,21.5,0
7250000,71.76,22827.0,21440.0,31910,5.2,8,42,22.8,0
7500000,74.08,15332.0,16080.0,23480,3.3,5,23,16.2,0
7750000,76.49,19600.0,19575.0,25290,4.2,6,32,20.1,0
8000000,78.87,16814.0,16605.0,25010,3.9,7,29,17.0,0
8250000,81.29,18900.0,18890.0,28810,4.2,6,32,18.0,0
8500000,83.96,19375.0,17730.0,25040,3.9,6,29,20.5,0
8750000,86.48,19970.0,18350.0,31800,4.5,8,35,20.6,0
9000000,89.04,22307.0,21050.0,34240,5.1,9,41,21.4,0
9250000,91.55,18041.0,19840.0,22920,3.9,5,29,18.3,0
9500000,93.98,19643.0,17805.0,33680,4.9,9,39,17.1,0
9750000,96.35,23196.0,24685.0,32390,5.4,8,44,22.4,0
10000000,98.77,22020.0,21610.0,35300,5.0,8,40,22.3,0
10250000,101.19,23306.0,21770.0,31760,5.0,7,40,23.6,0
10500000,103.63,22300.0,20945.0,29820,4.6,7,36,22.6,0
10750000,106.04,19217.0,18020.0,34430,4.5,9,35,19.1,0
11000000,108.46,15177.0,15595.0,20490,3.5,5,25,16.0,0
11250000,110.99,19846.0,18915.0,40010,4.3,8,33,19.9,0
11500000,113.52,18243.0,17975.0,28050,3.9,6,29,19.5,0
11750000,116.05,22828.0,24520.0,30570,5.2,8,42,24.4,0
12000000,118.52,23198.0,23730.0,33740,4.9,7,39,25.7,0
12250000,120.96,24309.0,23235.0,32420,5.3,7,43,26.0,0
12500000,123.39,20811.0,19955.0,28470,4.7,7,37,22.1,0
12750000,125.87,22969.0,21680.0,34900,5.0,7,40,24.7,0
13000000,128.31,18175.0,18135.0,25580,4.0,5,30,18.3,0
13250000,130.78,23800.0,24280.0,31100,5.3,7,43,25.7,0
13500000,133.19,19014.0,19810.0,28830,4.0,5,30,20.8,0
13750000,135.66,22251.0,20465.0,34470,5.4,9,44,22.0,0
14000000,138.11,25156.0,23940.0,40330,5.6,9,46,27.5,0
14250000,140.5,17944.0,18220.0,21510,4.1,5,31,19.3,0
14500000,142.88,20135.0,20905.0,27460,4.1,5,31,22.0,0
14750000,145.28,21201.0,19065.0,31240,4.7,7,37,22.4,0
15000000,147.71,22131.0,20900.0,35480,5.1,9,41,23.6,0
15250000,150.18,22302.0,21545.0,30450,5.0,7,40,24.5,0
15500000,152.61,21773.0,21670.0,32280,5.1,8,41,21.2,0
15750000,155.06,20029.0,19505.0,32300,4.2,7,32,21.2,0
16000000,157.51,20703.0,18470.0,42770,4.7,10,37,22.2,0
16250000,159.91,19924.0,20065.0,23730,4.4,6,34,21.2,0
16500000,162.39,20884.0,21120.0,27050,4.3,6,33,22.8,0
16750000,164.79,20395.0,20470.0,29320,4.6,6,36,21.9,0
17000000,167.18,24743.0,25535.0,29950,4.9,6,39,28.6,0
17250000,169.63,23935.0,23760.0,31860,5.0,7,40,26.7,0
17500000,172.13,24297.0,23985.0,41800,5.0,8,40,27.1,0
17750000,174.65,22578.0,21030.0,38370,5.1,8,41,24.2,0
18000000,177.07,23596.0,24985.0,28490,5.5,7,45,23.2,0
18250000,179.55,26054.0,22735.0,46090,5.7,11,47,29.7,0
18500000,182.02,24924.0,23945.0,39210,5.1,8,41,29.2,0
18750000,184.45,22607.0,23610.0,31540,5.0,7,40,23.2,0
19000000,186.89,24930.0,24325.0,32100,5.2,7,42,27.2,0
19250000,189.42,20986.0,20625.0,27550,4.9,6,39,22.6,0
19500000,191.99,20565.0,17905.0,31780,4.5,7,35,22.7,0
19750000,194.56,24553.0,23045.0,39280,5.5,9,45,26.5,0
20000000,197.19,24965.0,24555.0,33480,5.1,7,41,27.4,0
20250000,199.84,22321.0,23410.0,30100,4.9,6,39,24.8,0
20500000,202.42,23421.0,25265.0,30780,4.8,6,38,26.8,0
20750000,205.03,24736.0,24240.0,31120,5.4,7,44,26.9,0
21000000,207.79,23622.0,23000.0,31180,5.3,7,43,24.7,0
21250000,210.42,29695.0,29925.0,39990,6.3,8,53,33.9,0
21500000,213.01,28998.0,27130.0,39770,6.3,8,53,32.6,0
21750000,215.7,27608.0,25900.0,36460,5.9,8,49,30.9,0
22000000,218.23,25463.0,22625.0,36720,5.7,8,47,26.9,0
22250000,220.78,28048.0,29685.0,38570,6.0,8,50,32.4,0
22500000,223.31,20318.0,20500.0,28390,4.8,7,38,21.7,0
22750000,225.84,26266.0,22560.0,36390,5.9,8,49,28.6,0
23000000,228.37,22494.0,22110.0,31130,4.8,7,38,23.7,0
23250000,230.9,24835.0,24090.0,31950,4.9,6,39,28.1,0
23500000,233.49,23131.0,21425.0,36590,5.0,7,40,25.0,0
23750000,236.02,21073.0,20920.0,33620,4.8,7,38,23.1,0
24000000,238.58,27497.0,25160.0,43970,6.2,11,52,29.6,0
24250000,241.12,23641.0,23705.0,33910,5.2,7,42,25.4,0
24500000,243.64,23618.0,24135.0,32020,5.1,7,41,26.2,0
24750000,246.17,24889.0,24055.0,34350,5.6,7,46,27.2,0
25000000,248.66,23227.0,22365.0,35640,5.0,7,40,25.3,0
25250000,251.13,22621.0,23580.0,34700,4.6,7,36,25.2,0
25500000,253.6,24282.0,23885.0,31110,5.1,6,41,25.9,0
25750000,256.1,25285.0,24425.0,41020,5.7,9,47,27.0,0
26000000,258.64,24313.0,18745.0,40690,4.8,9,38,27.6,0
26250000,261.21,26391.0,24095.0,43250,5.2,8,42,29.5,0
26500000,263.73,23648.0,23275.0,32520,5.1,8,41,26.1,0
26750000,266.32,23948.0,23775.0,34700,5.1,7,41,25.2,0
27000000,268.87,22193.0,18085.0,47230,4.8,9,38,22.3,0
27250000,271.4,25097.0,25785.0,40050,5.4,8,44,27.6,0
27500000,273.9,24395.0,24350.0,36850,4.8,7,38,26.8,0
27750000,276.46,22573.0,21965.0,37740,4.6,8,36,24.7,0
28000000,279.03,28495.0,29170.0,42850,5.9,9,49,31.2,0
28250000,281.59,23728.0,18155.0,44030,4.9,8,39,24.9,0
28500000,284.14,26560.0,25360.0,39050,4.9,8,39,29.1,0
28750000,286.72,27378.0,27075.0,40170,5.5,7,45,29.5,0
29000000,289.33,28953.0,30750.0,44120,5.8,9,48,31.9,0
29250000,291.86,28728.0,30390.0,45800,5.4,9,44,31.9,0
29500000,294.43,26647.0,24555.0,45040,5.5,8,45,28.9,0
29750000,297.13,26249.0,27680.0,46170,5.5,9,45,28.4,0
30000000,299.83,25126.0,24205.0,39450,5.0,8,40,27.7,0
30250000,2.4,24704.0,25700.0,35180,5.5,8,45,25.5,0
30500000,5.01,23517.0,21670.0,36200,4.9,7,39,25.4,0
30750000,7.61,23385.0,21840.0,44890,4.8,8,38,25.9,0
31000000,10.41,32903.0,28530.0,57610,6.5,12,55,35.4,0
31250000,13.42,25676.0,26890.0,40300,5.5,8,45,28.8,0
31500000,16.41,27894.0,29455.0,46090,5.5,8,45,31.4,0
31750000,19.32,25359.0,26235.0,38250,5.3,7,43,28.1,0
32000000,22.23,25793.0,26035.0,35580,5.8,7,48,26.7,0
32250000,25.27,24358.0,23360.0,33960,5.3,7,43,26.9,0
32500000,28.32,29624.0,27595.0,45010,6.1,10,51,31.5,0
32750000,31.35,24686.0,23345.0,43120,5.2,8,42,27.2,0
33000000,34.42,31966.0,31265.0,43150,6.1,8,51,35.1,0
33250000,37.4,25058.0,25960.0,37100,5.0,7,40,27.5,0
33500000,40.4,26162.0,24575.0,42520,5.0,8,40,29.8,0
33750000,43.46,31906.0,35280.0,44180,6.4,9,54,34.4,0
34000000,46.55,29769.0,26965.0,63610,6.0,11,50,31.9,0
34250000,49.54,25882.0,25890.0,34010,5.7,7,47,28.0,0
34500000,52.53,29247.0,26925.0,43750,6.0,9,50,32.5,0
34750000,55.49,23434.0,22005.0,39960,4.6,7,36,27.0,0
35000000,58.39,29085.0,30000.0,41420,6.1,9,51,30.5,0
35250000,61.32,29238.0,28770.0,45530,5.9,9,49,32.1,0
35500000,64.23,23255.0,21955.0,38340,5.0,8,40,24.6,0
35750000,67.1,25510.0,26460.0,33470,5.0,7,40,29.3,0
36000000,70.0,26526.0,24705.0,40490,5.5,8,45,29.8,0
36250000,72.86,26650.0,24870.0,42540,5.7,8,47,28.9,0
36500000,75.66,29171.0,28700.0,43100,5.9,9,49,33.2,0
36750000,78.59,34317.0,31180.0,49420,6.7,10,57,36.8,0
37000000,81.61,25927.0,25845.0,32630,5.4,7,44,28.0,0
37250000,84.77,21565.0,18530.0,43120,4.6,9,36,24.7,0
37500000,87.94,24621.0,21685.0,47160,5.2,10,42,26.9,0
37750000,90.81,29125.0,29945.0,43910,6.1,9,51,31.2,0
38000000,93.66,25788.0,24900.0,40650,5.4,9,44,28.8,0
38250000,96.5,22211.0,21685.0,36420,4.5,7,35,24.8,0
38500000,99.4,21986.0,22030.0,29470,4.8,7,38,23.9,0
38750000,102.36,28263.0,25770.0,48680,5.8,10,48,30.6,0
39000000,105.28,25919.0,25160.0,39930,5.3,8,43,29.0,0
39250000,108.2,23507.0,22395.0,37440,5.1,8,41,23.9,0
39500000,111.35,23066.0,23680.0,35460,4.9,7,39,24.8,0
39750000,114.51,35236.0,37035.0,57340,7.1,11,61,37.9,0
40000000,117.46,26111.0,24870.0,36680,5.3,7,43,29.4,0
40250000,120.35,27849.0,27395.0,50060,5.7,10,47,29.0,0
40500000,123.23,25385.0,26965.0,46900,5.2,8,42,27.1,0
40750000,126.12,26805.0,27685.0,36950,5.5,8,45,28.9,0
41000000,129.08,23366.0,23260.0,43480,5.0,9,40,24.8,0
41250000,131.97,21757.0,20270.0,32780,5.0,7,40,24.8,0
41500000,134.92,24858.0,25775.0,32550,5.4,7,44,26.4,0
41750000,137.75,23631.0,21720.0,46810,4.9,8,39,26.3,0
42000000,140.64,22292.0,22875.0,35450,5.1,8,41,23.8,0
42250000,143.53,25122.0,26060.0,38200,5.4,8,44,27.2,0
42500000,146.36,25076.0,24075.0,38250,5.0,8,40,28.1,0
42750000,149.33,27056.0,26595.0,38300,5.9,9,49,29.2,0
43000000,152.87,27279.0,27970.0,37140,5.7,8,47,30.7,0
43250000,155.81,31921.0,30360.0,49190,6.6,10,56,35.5,0
43500000,158.65,29022.0,27660.0,43620,5.8,9,48,32.2,0
43750000,161.5,29513.0,28155.0,41900,5.9,9,49,33.0,0
44000000,164.36,31447.0,32525.0,42410,6.7,9,57,33.2,0
44250000,167.27,26806.0,25585.0,44720,5.5,9,45,28.9,0
44500000,170.04,26992.0,27090.0,45290,5.6,8,46,30.2,0
44750000,172.98,28503.0,27620.0,46300,5.6,9,46,32.1,0
45000000,175.84,34559.0,35395.0,43320,7.0,9,60,38.8,0
45250000,178.76,25371.0,21755.0,38250,5.1,7,41,28.4,0
45500000,181.6,19873.0,19510.0,30480,4.4,7,34,22.0,0
45750000,184.42,24200.0,24110.0,37270,5.0,7,40,26.5,0
46000000,187.2,30495.0,27120.0,46950,5.7,9,47,34.7,0
46250000,190.03,29906.0,28825.0,47550,5.9,9,49,32.9,0
46500000,192.93,29826.0,28210.0,37960,5.8,8,48,33.1,0
46750000,195.75,26709.0,27395.0,38710,5.3,7,43,29.6,0
47000000,198.53,27550.0,27120.0,46550,5.1,8,41,31.1,0
47250000,201.37,30649.0,30680.0,41380,6.2,8,52,33.6,0
47500000,204.12,24611.0,23775.0,35910,5.1,7,41,26.3,0
47750000,209.04,29019.0,29690.0,36660,5.6,7,46,32.7,0
48000000,212.59,28961.0,27715.0,41420,5.7,8,47,32.8,0
48250000,215.37,24250.0,23090.0,43130,5.2,9,42,26.6,0
48500000,218.29,30256.0,27270.0,46530,5.7,8,47,33.7,0
48750000,221.24,32528.0,35465.0,46600,6.3,8,53,36.7,0
49000000,224.19,21243.0,16310.0,38230,4.3,7,33,24.2,0
49250000,227.0,26389.0,23060.0,40680,5.0,8,40,29.0,0
49500000,229.85,28253.0,29715.0,39590,6.2,9,52,29.8,0
49750000,232.76,27776.0,26035.0,40570,5.6,8,46,30.9,0
50000000,235.58,28812.0,26860.0,40090,6.2,9,52,30.8,0
50250000,238.67,30967.0,31710.0,42040,6.4,9,54,32.6,0
50500000,241.61,30622.0,28245.0,44950,6.0,8,50,34.3,0
50750000,244.34,30317.0,29660.0,47390,6.1,9,51,33.4,0
51000000,247.06,31048.0,31980.0,43510,6.1,9,51,35.5,0
51250000,249.89,25211.0,24260.0,36130,5.0,8,40,29.0,0
51500000,252.6,28178.0,30655.0,38830,5.5,7,45,31.1,0
51750000,255.4,33477.0,29515.0,77460,6.3,13,53,35.7,0
52000000,258.19,28014.0,23855.0,46010,5.5,9,45,30.9,0
52250000,260.9,25220.0,26070.0,32130,4.9,7,39,28.6,0
52500000,263.63,24962.0,26035.0,36410,5.1,8,41,27.0,0
52750000,266.38,28091.0,27380.0,45820,5.7,9,47,30.6,0
53000000,269.18,33647.0,33285.0,52060,6.5,9,55,37.8,0
53250000,271.94,24706.0,19705.0,44260,4.9,9,39,26.8,0
53500000,274.73,27198.0,24365.0,48770,5.5,9,45,30.3,0
53750000,277.52,28659.0,28945.0,43350,6.0,9,50,31.7,0
54000000,280.28,30778.0,31880.0,45890,6.3,10,53,32.6,0
54250000,283.11,25630.0,23235.0,39590,5.1,7,41,28.3,0
54500000,285.85,29310.0,30850.0,42340,6.0,8,50,31.4,0
54750000,288.63,30145.0,29185.0,40540,6.0,8,50,33.9,0
55000000,291.42,28784.0,29660.0,48440,6.2,9,52,31.3,0
55250000,294.3,26960.0,24815.0,43950,5.5,8,45,30.8,0
55500000,297.1,23031.0,20890.0,39950,4.5,7,35,25.9,0
55750000,299.83,29176.0,28445.0,44010,5.5,8,45,33.1,0
56000000,302.6,23706.0,24400.0,33780,4.9,7,39,26.7,0
56250000,305.36,33214.0,31760.0,47530,6.5,9,55,36.8,0
56500000,308.21,24146.0,22505.0,35360,5.1,8,41,27.6,0
56750000,311.06,29082.0,29760.0,38040,5.9,8,49,32.2,0
57000000,313.89,28111.0,26855.0,43270,6.2,9,52,28.8,0
57250000,316.7,28187.0,25890.0,46740,5.8,8,48,30.5,0
57500000,319.57,35548.0,36110.0,54240,6.9,10,59,39.4,0
57750000,2.21,26164.0,24880.0,37230,5.6,8,46,27.1,0
58000000,4.84,36852.0,32755.0,72650,7.3,14,63,38.7,0
58250000,7.33,29539.0,28590.0,44590,6.2,9,52,32.7,0
58500000,9.83,31718.0,32480.0,40450,6.2,8,52,35.7,0
58750000,12.33,33573.0,31595.0,64280,6.8,12,58,36.8,0
59000000,14.79,29310.0,27580.0,50880,6.0,10,50,32.3,0
59250000,17.24,26265.0,24095.0,50150,5.5,11,45,28.1,0
59500000,19.67,32027.0,27245.0,51110,6.2,10,52,35.0,0
59750000,22.15,31698.0,30840.0,54260,6.3,10,53,34.7,0
60000000,24.6,36786.0,36530.0,51270,7.4,10,64,38.7,0
60250000,27.14,34556.0,34425.0,48630,6.7,9,57,37.5,0
60500000,29.64,26765.0,25170.0,37620,5.6,8,46,28.7,0
60750000,32.2,28646.0,27130.0,48760,5.7,9,47,31.4,0
61000000,34.72,28991.0,29350.0,36680,6.3,7,53,30.8,0
61250000,37.25,26219.0,23810.0,44030,5.6,9,46,28.0,0
61500000,39.73,30363.0,30975.0,38430,6.2,8,52,33.2,0
61750000,42.22,27788.0,28285.0,35190,5.6,7,46,31.1,0
62000000,44.73,32344.0,31590.0,44010,6.6,9,56,35.2,0
62250000,47.24,33411.0,32165.0,57320,7.1,11,61,36.7,0
62500000,49.73,30374.0,31125.0,41030,6.5,9,55,33.9,0
62750000,52.25,34200.0,32490.0,60690,7.0,12,60,36.9,0
63000000,54.8,35506.0,33055.0,59590,7.4,12,64,38.0,0
63250000,57.46,27429.0,26715.0,35460,6.1,8,51,28.8,0
63500000,59.96,27050.0,28420.0,33500,5.9,7,49,28.4,0
63750000,62.41,31627.0,27415.0,56820,6.6,11,56,33.9,0
64000000,64.89,29109.0,25555.0,61970,6.3,12,53,29.7,0
64250000,67.34,31146.0,27690.0,47580,6.6,10,56,32.6,0
64500000,69.89,31179.0,28615.0,46950,6.5,10,55,33.2,0
64750000,72.39,26622.0,26005.0,47050,5.5,9,45,29.4,0
65000000,74.91,34694.0,36090.0,61900,7.4,13,64,36.2,0
65250000,77.82,32988.0,32530.0,59620,6.7,11,57,35.7,0
65500000,80.34,42500.0,45340.0,65400,8.5,12,75,44.5,0
65750000,82.81,29895.0,29855.0,40090,6.3,9,53,32.1,0
66000000,85.27,26137.0,26395.0,36950,5.8,8,48,27.8,0
66250000,87.83,35639.0,33970.0,64780,7.0,12,60,38.6,0
66500000,90.38,31600.0,28670.0,74350,6.1,13,51,33.0,0
66750000,92.98,39133.0,33070.0,76110,8.1,15,71,39.9,0
67000000,95.53,37125.0,32595.0,59490,7.4,11,64,40.0,0
67250000,98.08,34841.0,32570.0,66630,6.8,12,58,37.8,0
67500000,100.6,38433.0,40040.0,62520,7.4,11,64,41.6,0
